{
    "bg0": {
        "Name": "Padrão",
        "Image": "https://media.discordapp.net/attachments/899493577623756801/899852259154866276/unknown.png?width=708&height=409",
        "Price": "0",
        "Designer": "830226550116057149",
        "Limit": 9999999
    },
    "bg1": {
        "Name": "Polvo na Praia",
        "Image": "https://media.discordapp.net/attachments/899493577623756801/899853956950401024/2.png?width=720&height=267",
        "Price": 1000,
        "Designer": "830226550116057149"
    },
    "bg2": {
        "Name": "One Piece Luffy Fundo Caveira",
        "Image": "https://media.discordapp.net/attachments/899493577623756801/899854213985742868/luffy.png?width=708&height=262",
        "Price": 5000,
        "Designer": "830226550116057149"
    },
    "bg3": {
        "Name": "Saiko Fundo Roxo com Polvo",
        "Image": "https://media.discordapp.net/attachments/899493577623756801/900037610645356554/saiko.png?width=720&height=267",
        "Price": 10000,
        "Designer": "830226550116057149"
    },
    "bg4": {
        "Name": "Naruto Fundo Kurama",
        "Image": "https://media.discordapp.net/attachments/899493577623756801/900037840589709382/naruto.png?width=720&height=267",
        "Price": 10000,
        "Designer": "830226550116057149"
    },
    "bg5": {
        "Name": "Sasuke Fundo Rinnegan",
        "Image": "https://media.discordapp.net/attachments/899493577623756801/900163585530019900/sasuke.png?width=708&height=262",
        "Price": 10000,
        "Designer": "830226550116057149"
    },
    "bg6": {
        "Name": "Sally Face Máscara Fundo",
        "Image": "https://media.discordapp.net/attachments/899493577623756801/900168329082339368/sally_face.png?width=708&height=262",
        "Price": 5000,
        "Designer": "830226550116057149"
    },
    "bg7": {
        "Name": "Violet Evergarden Fundo Estrelado",
        "Image": "https://media.discordapp.net/attachments/899493577623756801/900169358221910036/violet_evergarden2.png?width=708&height=262",
        "Price": 25000,
        "Designer": "830226550116057149",
        "Limit": 46
    },
    "bg8": {
        "Name": "Violet Evergarden Fundo Papeis",
        "Image": "https://media.discordapp.net/attachments/899493577623756801/900170362908713060/violet_evergarden.png?width=708&height=262",
        "Price": 25000,
        "Designer": "830226550116057149",
        "Limit": 48
    },
    "bg9": {
        "Name": "Garota Neko Fundo Rosa",
        "Image": "https://media.discordapp.net/attachments/899493577623756801/900170791226834994/aleatorio.png?width=708&height=262",
        "Price": 1500,
        "Designer": "830226550116057149"
    },
    "bg10": {
        "Name": "Fundo Estrelas Tomori",
        "Image": "https://media.discordapp.net/attachments/899493577623756801/900172280259285004/tomori.png?width=708&height=262",
        "Price": 5000,
        "Designer": "830226550116057149"
    },
    "bg11": {
        "Name": "Ycaro Estrelas Fundo",
        "Image": "https://media.discordapp.net/attachments/899493577623756801/900173181497770014/ycro.png?width=708&height=262",
        "Price": 5000,
        "Designer": "830226550116057149"
    },
    "bg19": {
        "Name": "Meninas Super Poderosas Fundo Cidade",
        "Image": "https://media.discordapp.net/attachments/899493577623756801/900374862420398121/meninas_poderosasv2.png?width=708&height=262",
        "Price": 15000,
        "Designer": "830226550116057149",
        "Limit": 50
    },
    "bg21": {
        "Name": "Branca de Neve Fundo Verde Coroa",
        "Image": "https://cdn.discordapp.com/attachments/899493577623756801/900375092079525968/branca_de_neve_2.png",
        "Price": 10000,
        "Designer": "830226550116057149",
        "Limit": 50
    },
    "bg18": {
        "Name": "Meninas Super Poderosa",
        "Image": "https://cdn.discordapp.com/attachments/899493577623756801/900374762134568970/meninas_poderosas.png",
        "Price": 10000,
        "Designer": "830226550116057149",
        "Limit": 50
    },
    "bg17": {
        "Name": "Po Fundo Amarelo",
        "Image": "https://cdn.discordapp.com/attachments/899493577623756801/900374640910815332/kung_fu_panda.png",
        "Price": 5000,
        "Designer": "830226550116057149"
    },
    "bg16": {
        "Name": "Kung Fu Banda Bambus",
        "Image": "https://cdn.discordapp.com/attachments/899493577623756801/900374447809257522/kung.png",
        "Price": 5000,
        "Designer": "830226550116057149"
    },
    "bg15": {
        "Name": "Três Espiãs Fundo Amarelo e Rosa",
        "Image": "https://cdn.discordapp.com/attachments/899493577623756801/900374156347060294/tres_espians.png",
        "Price": 15000,
        "Designer": "830226550116057149",
        "Limit": 50
    },
    "bg14": {
        "Name": "Três Espiãs Fundo Amarelo",
        "Image": "https://cdn.discordapp.com/attachments/899493577623756801/900374064022036490/tres_espians_2.png",
        "Price": 15000,
        "Designer": "830226550116057149",
        "Limit": 50
    },
    "bg13": {
        "Name": "Barbie Fundo Escrito",
        "Image": "https://cdn.discordapp.com/attachments/899493577623756801/900373757741379654/barbie2.png",
        "Price": 25000,
        "Designer": "830226550116057149",
        "Limit": 19
    },
    "bg22": {
        "Name": "Cinderela Fundo Rosa",
        "Image": "https://cdn.discordapp.com/attachments/899493577623756801/900375186409398332/cinderela.png",
        "Price": 20000,
        "Designer": "830226550116057149",
        "Limit": 50
    },
    "bg23": {
        "Name": "Bela Fundo Amarelo",
        "Image": "https://cdn.discordapp.com/attachments/899493577623756801/900375280349237288/bela.jpg",
        "Price": 20000,
        "Designer": "830226550116057149",
        "Limit": 50
    },
    "bg25": {
        "Name": "Mulan Maquiada Fundo Desenhos China",
        "Image": "https://cdn.discordapp.com/attachments/899493577623756801/900375635812298772/mulan_2.png",
        "Price": 2000,
        "Designer": "830226550116057149",
        "Limit": 50
    },
    "bg27": {
        "Name": "Limbo Fundo Aranha",
        "Image": "https://cdn.discordapp.com/attachments/899493577623756801/900375913269719110/trevoso_1.png",
        "Price": 1000,
        "Designer": "830226550116057149"
    },
    "bg28": {
        "Name": "Limbo Fundo Pedra",
        "Image": "https://cdn.discordapp.com/attachments/899493577623756801/900375987131387935/trevoso_2.png",
        "Price": 1000,
        "Designer": "830226550116057149",
        "Limit": 488
    },
    "bg29": {
        "Name": "Fundo Floresta Corvo",
        "Image": "https://cdn.discordapp.com/attachments/899493577623756801/900376159672496148/corvo.png",
        "Price": 15000,
        "Designer": "830226550116057149",
        "Limit": 49
    },
    "bg31": {
        "Name": "Fundo Preto Com Lobo",
        "Image": "https://cdn.discordapp.com/attachments/899493577623756801/900376323980136448/lobo.png",
        "Price": 15000,
        "Designer": "830226550116057149",
        "Limit": 50
    },
    "bg33": {
        "Name": "Hipocampo Fundo Oceano",
        "Image": "https://cdn.discordapp.com/attachments/899493577623756801/900377300456062976/hipocampo.png",
        "Price": 25000,
        "Designer": "830226550116057149",
        "Limit": 50
    },
    "bg35": {
        "Name": "Fundo Dog, Flor, Pepy",
        "Image": "https://cdn.discordapp.com/attachments/899493577623756801/900377479015989268/unknown.png",
        "Price": 1000,
        "Designer": "830226550116057149"
    },
    "bg36": {
        "Name": "Fundo Akemy Pettanko",
        "Image": "https://cdn.discordapp.com/attachments/899493577623756801/900377634360397885/unknown.png",
        "Price": 1000000,
        "Designer": "830226550116057149",
        "Limit": 5
    },
    "bg37": {
        "Name": "Fundo brega por do sol",
        "Image": "https://cdn.discordapp.com/attachments/899493577623756801/900377719093751878/praia.png",
        "Price": 1000,
        "Designer": "830226550116057149"
    },
    "bg39": {
        "Name": "Acampando no Penhasco",
        "Image": "https://cdn.discordapp.com/attachments/899493577623756801/900377927278018640/4.png",
        "Price": "50000",
        "Designer": "830226550116057149"
    },
    "bg40": {
        "Name": "Por do Sol na Floresta",
        "Image": "https://cdn.discordapp.com/attachments/899493577623756801/900378007737356318/5.png",
        "Price": 1000,
        "Designer": "830226550116057149"
    },
    "bg41": {
        "Name": "Saphire Estrelinha",
        "Image": "https://cdn.discordapp.com/attachments/899493577623756801/900378181234737202/saphire.png",
        "Price": 5000000,
        "Designer": "830226550116057149",
        "Limit": 5
    },
    "bg42": {
        "Name": "Fundo Saphire especial halloween",
        "Image": "https://cdn.discordapp.com/attachments/899493577623756801/900378629345800272/unknown.png",
        "Price": 5000000,
        "Designer": "830226550116057149",
        "Limit": 5
    },
    "bg43": {
        "Name": "Itachi Fundo Vermelho",
        "Image": "https://cdn.discordapp.com/attachments/899493577623756801/900382561677762640/Itachi_Fundo_Vermelho_-_bg_45.jpg",
        "Price": 15000,
        "Designer": "830226550116057149",
        "Limit": 49
    },
    "bg45": {
        "Name": "Charlie Brown fundo amarelo",
        "Image": "https://cdn.discordapp.com/attachments/899493577623756801/900385709146406923/charlie_brown.jpg",
        "Price": 25000,
        "Designer": "830226550116057149",
        "Limit": 19
    },
    "bg47": {
        "Name": "Moana Fundo Mar",
        "Image": "https://cdn.discordapp.com/attachments/899493577623756801/900389974992621578/Moana_Fundo_Mar_-_bg37.jpg",
        "Price": 5000,
        "Designer": "830226550116057149"
    },
    "bg49": {
        "Name": "Caveira Fundo Preto",
        "Image": "https://cdn.discordapp.com/attachments/899493577623756801/900718786938826842/caveira_fundo_preto.jpg",
        "Price": 5000,
        "Designer": "830226550116057149"
    },
    "bg51": {
        "Name": "Monstros S.A. Fundo Verde",
        "Image": "https://cdn.discordapp.com/attachments/899493577623756801/900722053190156318/Monstros_S.A..jpg",
        "Price": 15000,
        "Designer": "830226550116057149",
        "Limit": 49
    },
    "bg53": {
        "Name": "sensações fundo preto sentidos",
        "Image": "https://cdn.discordapp.com/attachments/899493577623756801/900724238711943188/sensacoes_fundo_preto_sentidos.jpg",
        "Price": 10000,
        "Designer": "830226550116057149"
    },
    "bg55": {
        "Name": "Zero Two Fundo Preto e Vermelho",
        "Image": "https://cdn.discordapp.com/attachments/899493577623756801/900752791079882772/zero_two_fundo_preto_e_vermelho.jpg",
        "Price": 300000,
        "Designer": "830226550116057149",
        "Limit": 10
    },
    "bg57": {
        "Name": "Zero Two Fundo Preto",
        "Image": "https://cdn.discordapp.com/attachments/899493577623756801/900754416674684978/zero_two_fundo_pretp.jpg",
        "Price": 300000,
        "Designer": "830226550116057149",
        "Limit": 10
    },
    "bg59": {
        "Name": "toy story fundo quarto",
        "Image": "https://cdn.discordapp.com/attachments/899493577623756801/900779952616669255/toy_story_fundo_quarto.jpg",
        "Price": 25000,
        "Designer": "830226550116057149",
        "Limit": 50
    },
    "bg61": {
        "Name": "urso sem curso pardo",
        "Image": "https://cdn.discordapp.com/attachments/899493577623756801/900783412141514812/urso_sem_curso_pardo.jpg",
        "Price": 50000,
        "Designer": "830226550116057149",
        "Limit": 20
    },
    "bg62": {
        "Name": "urso sem curso panda",
        "Image": "https://cdn.discordapp.com/attachments/899493577623756801/900783486649114664/urso_sem_curso_panda.jpg",
        "Price": 50000,
        "Designer": "830226550116057149",
        "Limit": 20
    },
    "bg63": {
        "Name": "urso sem curso polar",
        "Image": "https://cdn.discordapp.com/attachments/899493577623756801/900783565107765288/urso_sem_curso_polar.jpg",
        "Price": 50000,
        "Designer": "830226550116057149",
        "Limit": 20
    },
    "bg64": {
        "Name": "fundo forzinha rosa",
        "Image": "https://cdn.discordapp.com/attachments/899493577623756801/900785507510923324/fundo_forzinha_rosa.jpg",
        "Price": 50000,
        "Designer": "830226550116057149",
        "Limit": 20
    },
    "bg65": {
        "Name": "fundo docinho verde",
        "Image": "https://cdn.discordapp.com/attachments/899493577623756801/900785634296336394/fundo_docinho_verde.jpg",
        "Price": 50000,
        "Designer": "830226550116057149",
        "Limit": 19
    },
    "bg66": {
        "Name": "fundo lindinha azul",
        "Image": "https://cdn.discordapp.com/attachments/899493577623756801/900785709391151165/Fundo_Lindinha_azul.jpg",
        "Price": 50000,
        "Designer": "830226550116057149",
        "Limit": 20
    },
    "bg67": {
        "Name": "Japão Fundo Samurai",
        "Image": "https://cdn.discordapp.com/attachments/899493577623756801/900796840532910121/japao_fundo_samurai.jpg",
        "Price": 20000,
        "Designer": "830226550116057149",
        "Limit": 50
    },
    "bg69": {
        "Name": "fundo numero 69",
        "Image": "https://cdn.discordapp.com/attachments/899493577623756801/900799952345767956/fundo_numeo_69.jpg",
        "Price": 1000000,
        "Designer": "830226550116057149",
        "Limit": 5
    },
    "bg70": {
        "Name": "Minions Fundo Amarelo Festa",
        "Image": "https://cdn.discordapp.com/attachments/899493577623756801/900802686260219904/minios_funda_amarelo_festa.jpg",
        "Price": 15000,
        "Designer": "830226550116057149",
        "Limit": 48
    },
    "bg71": {
        "Name": "tudo é possivel",
        "Image": "https://cdn.discordapp.com/attachments/899493577623756801/900836384791744552/tudo_e_possivel.jpg",
        "Price": 3000000,
        "Designer": "830226550116057149",
        "Limit": 5
    },
    "bg72": {
        "Name": "Fundo Money Dollar",
        "Image": "https://cdn.discordapp.com/attachments/899493577623756801/901095110282985572/fundo_money_dolar.jpg",
        "Price": 4000000,
        "Designer": "830226550116057149",
        "Limit": 5
    },
    "bg73": {
        "Name": "south park fundo memes",
        "Image": "https://cdn.discordapp.com/attachments/899493577623756801/901096752864723004/south_park_fundo_memes.jpg",
        "Price": 30000,
        "Designer": "830226550116057149",
        "Limit": 20
    },
    "bg75": {
        "Name": "fundo frutas maçã",
        "Image": "https://cdn.discordapp.com/attachments/899493577623756801/901102056687935558/fundo_frutas_maca.jpg",
        "Price": 8000,
        "Designer": "830226550116057149"
    },
    "bg77": {
        "Name": "Fundo Matrix Codigod",
        "Image": "https://cdn.discordapp.com/attachments/899493577623756801/901185805706465280/matrix.jpg",
        "Price": 25000,
        "Designer": "830226550116057149",
        "Limit": 19
    },
    "bg79": {
        "Name": "tenki no ko fundo ceu",
        "Image": "https://cdn.discordapp.com/attachments/899493577623756801/901192904284971048/tenki_no_ko_fundo_ceu.jpg",
        "Price": 15000,
        "Designer": "830226550116057149",
        "Limit": 50
    },
    "bg81": {
        "Name": "fundo flamengo time",
        "Image": "https://cdn.discordapp.com/attachments/899493577623756801/901194932251934740/fundo_flamengo_time.jpg",
        "Price": 15000,
        "Designer": "830226550116057149",
        "Limit": 50
    },
    "bg80": {
        "Name": "fundo são paulo time",
        "Image": "https://cdn.discordapp.com/attachments/899493577623756801/901194114358472704/fundo_sao_paulo_time.jpg",
        "Price": 15000,
        "Designer": "830226550116057149",
        "Limit": 50
    },
    "bg82": {
        "Name": "fundo corinthians time",
        "Image": "https://cdn.discordapp.com/attachments/899493577623756801/901233399509962792/fundo_futebol_timao.jpg",
        "Price": 15000,
        "Designer": "830226550116057149",
        "Limit": 44
    },
    "bg83": {
        "Name": "fundo palmeiras time",
        "Image": "https://cdn.discordapp.com/attachments/899493577623756801/901236867943530536/fundo_palmeiras_time.jpg",
        "Price": 15000,
        "Designer": "830226550116057149",
        "Limit": 50
    },
    "bg12": {
        "Name": "Barbie Fundo Rosa Glitter",
        "Image": "https://cdn.discordapp.com/attachments/899493577623756801/900373420464803860/barbie.png",
        "Price": 500000,
        "Designer": "830226550116057149",
        "Limit": 5
    },
    "bg84": {
        "Name": "Ycaro Fan-Art Touca",
        "Image": "https://cdn.discordapp.com/attachments/899493577623756801/907071584961961994/ycro_2.png",
        "Price": 50000,
        "Designer": "830226550116057149",
        "Limit": 19
    },
    "bg78": {
        "Name": "Fundo de Tela Windows XP",
        "Image": "https://media.discordapp.net/attachments/899493577623756801/901186932971814952/fundo_de_tela_windows_xp.jpg",
        "Price": 10000,
        "Designer": "830226550116057149"
    },
    "bg85": {
        "Name": "tony tony chopper - bg 85",
        "Image": "https://cdn.discordapp.com/attachments/899493577623756801/922072497778729010/2.jpg",
        "Price": 15000,
        "Designer": "830226550116057149",
        "Limit": 49
    },
    "bg86": {
        "Name": "tony tony chopper 2 - bg 86",
        "Image": "https://cdn.discordapp.com/attachments/899493577623756801/922073597797867531/unknown.png",
        "Price": 15000,
        "Designer": "830226550116057149",
        "Limit": 50
    },
    "bg26": {
        "Name": "Enrolados fundo Floresta Encantada - bg26",
        "Image": "https://media.discordapp.net/attachments/899493577623756801/900375736504946778/rapunzel.png?width=1025&height=380",
        "Price": 10000,
        "Designer": "830226550116057149"
    },
    "bg88": {
        "Name": "Time 7 Sakura",
        "Image": "https://cdn.discordapp.com/attachments/899493577623756801/932999549784571934/time_7_sakura.jpg",
        "Price": 10000,
        "Designer": "830226550116057149"
    },
    "bg89": {
        "Name": "Time 7 Naruto",
        "Image": "https://cdn.discordapp.com/attachments/899493577623756801/933001037390970890/time_7_naruto.jpg",
        "Price": 10000,
        "Designer": "830226550116057149"
    },
    "bg90": {
        "Name": "Time 7 Sasuke",
        "Image": "https://cdn.discordapp.com/attachments/899493577623756801/933002647009636382/time_7_sasuke.jpg",
        "Price": 10000,
        "Designer": "830226550116057149"
    },
    "bg91": {
        "Name": "Versão Saphire Premium 2022",
        "Image": "https://cdn.discordapp.com/attachments/899493577623756801/933403795369635871/fundo_saphire.jpg",
        "Price": 5000000,
        "Designer": "830226550116057149",
        "Limit": 0
    },
    "bg92": {
        "Name": "pepy lindo",
        "Image": "https://cdn.discordapp.com/attachments/899493577623756801/933767249628659822/rapunzel.jpg",
        "Price": 1000000,
        "Designer": "830226550116057149",
        "Limit": 5
    },
    "bg93": {
        "Name": "Sou pobre",
        "Image": "https://cdn.discordapp.com/attachments/899493577623756801/933769296620974110/sou_pobre.jpg",
        "Price": 1,
        "Designer": "830226550116057149"
    },
    "bg95": {
        "Name": "rato no queijo",
        "Image": "https://media.discordapp.net/attachments/899493577623756801/933858093853450370/ratos.jpg?width=720&height=267",
        "Price": 5000,
        "Designer": "830226550116057149"
    },
    "bg96": {
        "Name": "Saphire´s Team",
        "Image": "https://cdn.discordapp.com/attachments/899493577623756801/933919325448966164/TEAM_SAPHIRE.jpg",
        "Price": 50000000000,
        "Designer": "830226550116057149",
        "Limit": 0
    },
    "bg97": {
        "Name": "Vasco da gama",
        "Image": "https://cdn.discordapp.com/attachments/899493577623756801/936933868102103110/vasco.jpg",
        "Price": 15000,
        "Designer": "830226550116057149",
        "Limit": 50
    },
    "bg98": {
        "Name": "Arte Nazaré Judite",
        "Image": "https://cdn.discordapp.com/attachments/899493577623756801/937522027617722368/fundo_may.png",
        "Price": 25000,
        "Designer": "744633202181669144",
        "Limit": 18
    },
    "bg99": {
        "Name": "Capa Pinguim pescando",
        "Image": "https://cdn.discordapp.com/attachments/899493577623756801/942567730375196712/111_Sem_Titulo_20220213193948.png",
        "Price": 15000,
        "DesignerId": "851628890341507092",
        "Limit": 50,
        "Designer": "851628890341507092"
    },
    "bg101": {
        "Name": "Capa One Shot",
        "Image": "https://media.discordapp.net/attachments/899493577623756801/942570624138768475/Untitled49_20220213200254.png",
        "Price": 5000,
        "DesignerId": "545189821245685781",
        "Limit": 95,
        "Designer": "545189821245685781"
    },
    "bg102": {
        "Name": "Pocoyo Background",
        "Image": "https://media.discordapp.net/attachments/899493577623756801/978091678168649778/1653263641215.jpg",
        "Price": 30000,
        "DesignerId": "545189821245685781",
        "Limit": 99,
        "Designer": "545189821245685781"
    },
    "bg103": {
        "Name": "Ducks in Ducks",
        "Image": "https://cdn.discordapp.com/attachments/899493577623756801/979568322519658566/unknown.png",
        "Price": 100000,
        "DesignerId": "545189821245685781",
        "Limit": 299,
        "Designer": "545189821245685781"
    },
    "bg105": {
        "Name": "Morro do Jack",
        "Image": "https://media.discordapp.net/attachments/899493577623756801/998380075835740190/unknown.png?width=729&height=270",
        "Price": 50000,
        "DesignerId": "904891162362519562",
        "Limit": 49,
        "Designer": "904891162362519562"
    }
}