[
    {
        "question": "Quem pintou a Mona Lisa?",
        "answers": [
            "da vinci",
            "leonardo da Vinci"
        ]
    },
    {
        "question": "Em média, quantos litros de sangue uma pessoa adulta tem?",
        "answers": [
            "5",
            "5l",
            "5 litros",
            "cinco",
            "cinco litros",
            "five litros"
        ]
    },
    {
        "question": "Qual o nome do presidente do Brasil que ficou conhecido como Jango",
        "answers": [
            "joão goulart"
        ]
    },
    {
        "question": "Nos contos de fadas, qual animal que, quando é beijado, vira um príncipe?",
        "answers": [
            "sapo",
            "frog"
        ]
    },
    {
        "question": "Qual é a capital da Argentina?",
        "answers": [
            "buenos aires"
        ]
    },
    {
        "question": "Quantos fusos horários existem no Brasil?",
        "answers": [
            "4",
            "quatro"
        ]
    },
    {
        "question": "Em qual cidade dos Estados Unidos fica a famosa Estátua da Liberdade?",
        "answers": [
            "nova york",
            "new york",
            "nova iorque"
        ]
    },
    {
        "question": "Qual é o estado brasileiro pelo qual passa o Rio Tietê?",
        "answers": [
            "são paulo",
            "sao paulo",
            "sp"
        ]
    },
    {
        "question": "Qual animal dorme de cabeça para baixo?",
        "answers": [
            "morcego",
            "bat"
        ]
    },
    {
        "question": "Qual elemento químico é representado pela sigla Ag na tabela periódica?",
        "answers": [
            "prata",
            "silver"
        ]
    },
    {
        "question": "Qual ave é capaz de bater as asas até 200 vezes por segundo?",
        "answers": [
            "beija-flor",
            "beija flor"
        ]
    },
    {
        "question": "Qual é o único mamífero terrestre que não consegue pular? ",
        "answers": [
            "elefante",
            "elephant"
        ]
    },
    {
        "question": "Qual personagem da novela Carrossel é apaixonado pela Maria Joaquina?",
        "answers": [
            "cirilo",
            "nego ney"
        ]
    },
    {
        "question": "Qual é o único mamífero que voa?",
        "answers": [
            "morcego",
            "bat"
        ]
    },
    {
        "question": "Qual é o maior animal do mundo?",
        "answers": [
            "blue wale",
            "baleia azul",
            "baleia-azul"
        ]
    },
    {
        "question": "Qual a montanha mais alta do mundo?",
        "answers": [
            "monte everest",
            "everest"
        ]
    },
    {
        "question": "Qual a montanha mais alta do brasil?",
        "answers": [
            "pico da neblina"
        ]
    },
    {
        "question": "Qual o maior tubarão do oceano?",
        "answers": [
            "tubarão baleia",
            "tubarão-baleia"
        ]
    },
    {
        "question": "Qual o menor osso do corpo humano?",
        "answers": [
            "estribo"
        ]
    },
    {
        "question": "Que país é amplamente conhecido pela origem do sushi?",
        "answers": [
            "japão",
            "japan"
        ]
    },
    {
        "question": "Qual peça do xadrez só pode se mover diagonalmente?",
        "answers": [
            "bispo"
        ]
    },
    {
        "question": "Qual super vilão é o principal antagonista no filme \"Vingadores Guerra Infinita\" da Marvel?",
        "answers": [
            "thanos"
        ]
    },
    {
        "question": "Quais são os micro-organismos usados pra produzir o iogurte?",
        "answers": [
            "lactobacilos",
            "lactobacillus"
        ]
    },
    {
        "question": "Qual é o simbolo do elemento químico Hidrogênio na tabela periódica?",
        "answers": [
            "h"
        ]
    },
    {
        "question": "Qual a capital do Egito?",
        "answers": [
            "cairo"
        ]
    },
    {
        "question": "Qual a montanha mais alta do brasil?",
        "answers": [
            "pico da neblina"
        ]
    },
    {
        "question": "Qual é o nome da maior empresa de tecnologia da Coréia do Sul?",
        "answers": [
            "samsung"
        ]
    },
    {
        "question": "Qual é a cor da pedra preciosa Safira?",
        "answers": [
            "azul",
            "blue"
        ]
    },
    {
        "question": "Quantos dias são necessários para a Terra orbitar o sol?",
        "answers": [
            "365"
        ]
    },
    {
        "question": "Qual o nome do maior site/ferramenta de pesquisa do mundo?",
        "answers": [
            "google"
        ]
    },
    {
        "question": "Núcleo, citoplasma e membrana fazem parte da composição de que tipo de estrutura?",
        "answers": [
            "célula",
            "células"
        ]
    },
    {
        "question": "Qual é o nome do primeiro presidente negro dos Estados Unidos?",
        "answers": [
            "barack obama",
            "obama"
        ]
    },
    {
        "question": "Qual cidade foi dividida por um muro entre 1961 e 1989, derrubado por sua população?",
        "answers": [
            "berlim"
        ]
    },
    {
        "question": "Qual é a capital do Brasil?",
        "answers": [
            "brasília",
            "brasilia"
        ]
    },
    {
        "question": "Qual oceano separa a América da África e da Europa?",
        "answers": [
            "atlântico"
        ]
    },
    {
        "question": "Qual fruta envenenada a Branca de Neve comeu na história?",
        "answers": [
            "maçã",
            "apple",
            "apple"
        ]
    },
    {
        "question": "Quem criou os personagens Mickey e Minnie Mouse?",
        "answers": [
            "walt disney",
            "disney"
        ]
    },
    {
        "question": "Qual artista é conhecido como o Rei do Pop?",
        "answers": [
            "michael jackson"
        ]
    },
    {
        "question": "Qual é meu nome?",
        "answers": [
            "saphire",
            "saphire moon"
        ]
    },
    {
        "question": "Qual é o maior país do mundo?",
        "answers": [
            "rússia"
        ]
    },
    {
        "question": "Qual é o país mais populoso do mundo?",
        "answers": [
            "china"
        ]
    },
    {
        "question": "Quem descobriu o Brasil?",
        "answers": [
            "pedro álvares cabral"
        ]
    },
    {
        "question": "Em que ano o brasil foi supostamente descoberto?",
        "answers": [
            "1500"
        ]
    },
    {
        "question": "Qual a matéria prima do vidro?",
        "answers": [
            "areia"
        ]
    },
    {
        "question": "Qual foi o nome do primeiro avião inventado?",
        "answers": [
            "14bis",
            "14-bis",
            "14 bis"
        ]
    },
    {
        "question": "Qual o nome do jogador de futebol eleito pela comunidade brasileira como \"Rei\"?",
        "answers": [
            "pelé"
        ]
    },
    {
        "question": "Qual a cor do céu?",
        "answers": [
            "blue",
            "azul"
        ]
    },
    {
        "question": "How many letters are there in the alphabet?",
        "answers": [
            "26",
            "twenty-six",
            "twenty six",
            "twentysix"
        ]
    },
    {
        "question": "Qual filme é conhecido por causa de um Navio que afundou?",
        "answers": [
            "titanic"
        ]
    },
    {
        "question": "Qual a composição química da água?",
        "answers": [
            "h2o"
        ]
    },
    {
        "question": "De qual Anime o nome Uchiha Sasuke, é utilizado?",
        "answers": [
            "naruto"
        ]
    },
    {
        "question": "Na mitologia grega, quem ​é ​considerado ​o ​deus ​dos ​mares ​e ​oceanos?",
        "answers": [
            "poseidon"
        ]
    },
    {
        "question": "Qual é o maior serviço de streaming de música usado atualmente?",
        "answers": [
            "spotify"
        ]
    },
    {
        "question": "Atualmente, qual é o jogo online multiplayer mais jogado no mundo?",
        "answers": [
            "lol",
            "league of legends"
        ]
    },
    {
        "question": "Quem foi o primeiro homem a ir para o espaço?",
        "answers": [
            "yuri gagarin"
        ]
    },
    {
        "question": "Quantos zeros tem 1 bilhão?",
        "answers": [
            "9"
        ]
    },
    {
        "question": "Qual ​a ​nacionalidade ​do ​jogador ​de ​futebol ​Cristiano ​Ronaldo?",
        "answers": [
            "português",
            "portuguesa"
        ]
    },
    {
        "question": "Qual Galáxia é a mais perto da nossa?",
        "answers": [
            "andrômeda"
        ]
    },
    {
        "question": "Saturno tem quantas luas?",
        "answers": [
            "82"
        ]
    },
    {
        "question": "Em que ano o homem pisou na lua pela primeira vez?",
        "answers": [
            "1969"
        ]
    },
    {
        "question": "Qual é o único animal mamífero que bota ovo?",
        "answers": [
            "ornitorrinco"
        ]
    },
    {
        "question": "De quem é a famosa frase 'Penso, logo existo'?",
        "answers": [
            "descartes",
            "rené descartes"
        ]
    },
    {
        "question": "Quanto tempo a luz do Sol demora para chegar à Terra?",
        "answers": [
            "8 minutos",
            "eight minutes"
        ]
    },
    {
        "question": "Qual país inventou o chuveiro elétrico?",
        "answers": [
            "brasil",
            "brazil",
            "br"
        ]
    },
    {
        "question": "Qual o livro mais vendido no mundo? Exceto a biblía.",
        "answers": [
            "dom quixote"
        ]
    },
    {
        "question": "Quantas casas decimais tem o número PI?",
        "answers": [
            "infinitas"
        ]
    },
    {
        "question": "Atualmente, quantos elementos químicos a tabela periódica possui?",
        "answers": [
            "118"
        ]
    },
    {
        "question": "O que a palavra *LEGEND* significa em português?",
        "answers": [
            "lenda"
        ]
    },
    {
        "question": "Qual o número mínimo de jogadores numa partida de futebol?",
        "answers": [
            "7"
        ]
    },
    {
        "question": "Qual o evento de compras mais esperado em novembro?",
        "answers": [
            "black friday"
        ]
    },
    {
        "question": "Qual o principal feriado comemorado em Dezembro?",
        "answers": [
            "natal"
        ]
    },
    {
        "question": "Qual a tradução da Frase: 'Make it simple'",
        "answers": [
            "faça isso simples"
        ]
    },
    {
        "question": "Tubarões nunca param de nadar.\nV - Verdadeiro\nF - Falso",
        "answers": [
            "v",
            "verdade",
            "verdadeiro"
        ]
    },
    {
        "question": "Após a Abelha ferroar, ela morre nos próximos 5 Minutos.\nV - Verdadeiro\nF - Falso",
        "answers": [
            "v",
            "verdade",
            "verdadeiro"
        ]
    },
    {
        "question": "Em qual local da Ásia o português é a língua oficial?",
        "answers": [
            "macau"
        ]
    },
    {
        "question": "'Twenty past six'. Que horas são em inglês?",
        "answers": [
            "06:20",
            "seis e vinte",
            "6:20"
        ]
    },
    {
        "question": "Como é a conjugação do verbo caber na 1.ª pessoa do singular do presente do indicativo?",
        "answers": [
            "eu caibo",
            "caibo"
        ]
    },
    {
        "question": "Qual é o maior país transcontinental?",
        "answers": [
            "rússia"
        ]
    },
    {
        "question": "Quantos dedos tem uma pessoa?",
        "answers": [
            "20"
        ]
    },
    {
        "question": "Em que ano Brasília foi fundada?",
        "answers": [
            "1960"
        ]
    },
    {
        "question": "Que alimento os pandas normalmente comem?",
        "answers": [
            "bambu"
        ]
    },
    {
        "question": "Que alimento os pandas normalmente comem?",
        "answers": [
            "bambu"
        ]
    },
    {
        "question": "Qual o menor país do mundo?",
        "answers": [
            "vaticano"
        ]
    },
    {
        "question": "Em que período da pré-história foi descoberto o fogo?",
        "answers": [
            "paleolítico",
            "período paleolítico"
        ]
    },
    {
        "question": "Qual o nome do país que tem posse da Torre Eiffel?",
        "answers": [
            "França",
            "frança"
        ]
    },
    {
        "question": "Qual o valor de: -1-1?",
        "answers": [
            "-2"
        ]
    },
    {
        "question": "Qual é a representação química do dióxido de carbono?",
        "answers": [
            "co2"
        ]
    },
    {
        "question": "Quem foi a primeira ginasta brasileira a ser campeã olímpica?",
        "answers": [
            "rebeca andrade"
        ]
    },
    {
        "question": "Qual foi a primeira ginasta brasileira a ser campeã olímpica?",
        "answers": [
            "rebeca andrade"
        ]
    },
    {
        "question": "Em que ano a seleção Brasileira de futebol ganhou o primeiro título?",
        "answers": [
            "1958"
        ]
    },
    {
        "question": "Qual é o primeiro nome de Einstein?",
        "answers": [
            "albert"
        ]
    },
    {
        "question": "Qual é a plataforma de trem usada para ir para Hogwarts?",
        "answers": [
            "9 3/4",
            "9 ¾"
        ]
    },
    {
        "question": "Qual é o nome do primeiro filme da Disney?",
        "answers": [
            "branca de neve e os sete anões",
            "branca de neve"
        ]
    },
    {
        "question": "Quantos animais Moisés colocou na arca?",
        "answers": [
            "nenhum",
            "0"
        ]
    },
    {
        "question": "Qual é o nome do principal vilão da saga de filmes \"Harry Potter\"?",
        "answers": [
            "lord voldemort",
            "voldemort"
        ]
    },
    {
        "question": "Quem foi Tarsila do Amaral?",
        "answers": [
            "pintora"
        ]
    },
    {
        "question": "Qual país é destruído no filme \"Vingadores e a era de Ultron\"?",
        "answers": [
            "sokovia"
        ]
    },
    {
        "question": "Viúva-negra se sacrificou para conseguir qual jóia?",
        "answers": [
            "da alma",
            "alma"
        ]
    },
    {
        "question": "Qual foi o país que ganhou a Copa do Mundo de 2018",
        "answers": [
            "França",
            "frança"
        ]
    },
    {
        "question": "Qual o nome do gato do filme de desenho animado onde existe um canário chamado \"Piu-Piu\"?",
        "answers": [
            "frajola"
        ]
    },
    {
        "question": "Qual o feriado é comemorado no dia 15 de novembro?",
        "answers": [
            "proclamação da república"
        ]
    },
    {
        "question": "Qual foi o matemático e geógrafo que calculou o perímetro da Terra em 240 a.C?",
        "answers": [
            "erastótenes"
        ]
    },
    {
        "question": "Qual é a única palavra do português, na qual o \"S\" do plural não fica no final?",
        "answers": [
            "qualquer",
            "quaisquer"
        ]
    },
    {
        "question": "Qual é a língua oficial dos Estados Unidos da América?",
        "answers": [
            "inglês"
        ]
    },
    {
        "question": "Qual desses é um prato típico da Alemanha? \na) Paella\nb) Chucrute\nc) Croissant \nd) Umbu",
        "answers": [
            "b"
        ]
    },
    {
        "question": "Quantos países têm a língua portuguesa como língua oficial?",
        "answers": [
            "10",
            "dez",
            "ten"
        ]
    },
    {
        "question": "Quantos países fazem parte da América Latina?",
        "answers": [
            "20",
            "vinte",
            "twenty"
        ]
    },
    {
        "question": "Qual inseto transmite a Doença de Chagas?",
        "answers": [
            "bicho barbeiro",
            "bicho-barbeiro",
            "barbeiro"
        ]
    },
    {
        "question": "Qual o maior osso do corpo humano?",
        "answers": [
            "fêmur"
        ]
    },
    {
        "question": "Qual o maior órgão do corpo humano?",
        "answers": [
            "pele"
        ]
    },
    {
        "question": "Em que ano a rede Globo lançou o reality show popularmente conhecido como \"Big Brother Brasil\"?",
        "answers": [
            "2002"
        ]
    },
    {
        "question": "Qual o nome completo de Mercúrio da Marvel?",
        "answers": [
            "pietro maximoff"
        ]
    },
    {
        "question": "Qual o nome da prima de Ben Tennyson em Ben 10?",
        "answers": [
            "gwen",
            "gwen tennyson"
        ]
    },
    {
        "question": "Qual o nome do relógio que concede poderes ao Ben Tennyson em Ben 10?",
        "answers": [
            "omnitrix"
        ]
    },
    {
        "question": "Qual o nome completo da Feiticeira Escarlate?",
        "answers": [
            "wanda maximoff"
        ]
    },
    {
        "question": "Como chamamos os números terminados em 2, 4, 6, 8...?",
        "answers": [
            "números pares",
            "pares"
        ]
    },
    {
        "question": "Como chamamos os números terminados em 1, 3, 5, 7...?",
        "answers": [
            "números ímpares",
            "ímpares"
        ]
    },
    {
        "question": "Qual o significado original da abreviatura \"WWW\"?",
        "answers": [
            "world wide web"
        ]
    },
    {
        "question": "Quem foi o criador da \"Rede Mundial de Computadores\" e popularizou a \"Internet\" como conhecemos hoje em dia?",
        "answers": [
            "tim berners-lee"
        ]
    },
    {
        "question": "Qual marca tem uma maçã prateada como símbolo de ícone?",
        "answers": [
            "apple"
        ]
    },
    {
        "question": "Qual o nome do objeto que conectamos no celular para ouvir algum som de forma particular?",
        "answers": [
            "fone de ouvido"
        ]
    },
    {
        "question": "Quem é o \"Rei da Selva\"?",
        "answers": [
            "leão"
        ]
    },
    {
        "question": "Qual o nome do fenômeno em que a Lua fica sobre o Sol ou vice-versa?",
        "answers": [
            "eclipse"
        ]
    },
    {
        "question": "Cite UMA rede social muito utilizada atualmente",
        "answers": [
            "facebook",
            "instagram",
            "whatsapp"
        ]
    },
    {
        "question": "Cerca de quantos judeus foram mortos no \"Holocausto\"?",
        "answers": [
            "cinco milhões",
            "5 milhões"
        ]
    },
    {
        "question": "Quem foi o mais importante líder e ex-presidente da África do Sul dos anos de 1994 a 1999?",
        "answers": [
            "nelson mandela"
        ]
    },
    {
        "question": "A sequência de números naturais é?\nA) Infinita\nB) Finita",
        "answers": [
            "a",
            "infinita"
        ]
    },
    {
        "question": "Qual a capital do Japão?",
        "answers": [
            "tóquio"
        ]
    },
    {
        "question": "Qual a artista brasileira conhecida como Rainha da Sofrência?",
        "answers": [
            "marília mendonça"
        ]
    },
    {
        "question": "Na mitologia grega, quem comanda o reino dos mortos, o submundo?",
        "answers": [
            "hades"
        ]
    },
    {
        "question": "Qual país tem o título de \"Terra do Sol Nascente\"?",
        "answers": [
            "japão"
        ]
    },
    {
        "question": "Qual o nome do presidente que prometeu evoluir o Brasil \"50 anos em 5\"?",
        "answers": [
            "juscelino kubitschek"
        ]
    },
    {
        "question": "Qual o presidente brasileiro eleito que tinha como slogan de campanha o jingle: \"Varre, varre vassourinha...\"?",
        "answers": [
            "jânio quadros"
        ]
    },
    {
        "question": "Qual figura histórica ficou conhecida como \"Pai dos Pobres\"?",
        "answers": [
            "getúlio vargas"
        ]
    },
    {
        "question": "Qual nome de contas que envolvem somar dois valores?",
        "answers": [
            "adição"
        ]
    },
    {
        "question": "Qual nome de contas que envolvem diminuir dois valores?",
        "answers": [
            "subtração"
        ]
    },
    {
        "question": "Qual nome de contas que envolvem dividir dois valores?",
        "answers": [
            "divisão"
        ]
    },
    {
        "question": "137",
        "answers": [
            "multiplicação"
        ]
    },
    {
        "question": "Qual peça do xadrez só pode se mover verticalmente ou horizontalmente?",
        "answers": [
            "torre"
        ]
    },
    {
        "question": "Qual peça do xadrez só pode se mover em forma de ''L''?",
        "answers": [
            "cavalo"
        ]
    },
    {
        "question": "Qual peça do xadrez que de início só pode mover para uma ou duas casas?",
        "answers": [
            "peão"
        ]
    },
    {
        "question": "Qual peça do xadrez que pode mover para qualquer direção que desejar?",
        "answers": [
            "rainha"
        ]
    },
    {
        "question": "Qual peça do xadrez que pode mover para uma direção em torno dela?",
        "answers": [
            "rei"
        ]
    },
    {
        "question": "Qual o nome completo do Bolsonaro?",
        "answers": [
            "jair messias bolsonaro"
        ]
    },
    {
        "question": "Qual o nome completo do Lula?",
        "answers": [
            "luiz inácio lula da silva"
        ]
    },
    {
        "question": "Qual a fraqueza do Superman?",
        "answers": [
            "kriptonita"
        ]
    },
    {
        "question": "Qual o título mais famoso do Batman?",
        "answers": [
            "cavaleiro das trevas"
        ]
    },
    {
        "question": "De onde vem o poder da Tropa dos Lanternas Verdes e de todas as outras tropas?",
        "answers": [
            "anel de poder"
        ]
    },
    {
        "question": "Qual a identidade do Homem-Aranha?",
        "answers": [
            "peter parker"
        ]
    },
    {
        "question": "Qual o animal que representa a páscoa?",
        "answers": [
            "coelho"
        ]
    },
    {
        "question": "Qual a figura que representa o natal?",
        "answers": [
            "papai noel"
        ]
    },
    {
        "question": "Dia 1 de Abril é conhecido como?",
        "answers": [
            "dia da mentira"
        ]
    },
    {
        "question": "Qual feriado histórico é comemorado no dia 7 de Setembro?",
        "answers": [
            "dia da independência do brasil",
            "independência do brasil"
        ]
    },
    {
        "question": "Traduza: Hi, how are you?",
        "answers": [
            "olá, como vai você?",
            "oi, como vai você?",
            "olá, como está você?"
        ]
    },
    {
        "question": "Como chama um triângulo com todos os lados iguais?",
        "answers": [
            "triângulo equilátero",
            "equilátero"
        ]
    },
    {
        "question": "João tinha 5 maçãs, comeu 5 maçãs e deu 2 maçãs para Ana. Quantas Ana ganhou?",
        "answers": [
            "0",
            "zero"
        ]
    },
    {
        "question": "Traduza: black or white",
        "answers": [
            "preto ou branco"
        ]
    },
    {
        "question": "De qual país veio o grupo \"The Beatles\"?",
        "answers": [
            "Inglaterra",
            "inglaterra"
        ]
    },
    {
        "question": "Quem diz a frase: \"Pegue seu banquinho e saia de fininho\"",
        "answers": [
            "raul gil"
        ]
    },
    {
        "question": "Quem é o apresentador do \"Domingo Legal\"?",
        "answers": [
            "Celso Portiolli",
            "celso portiolli"
        ]
    },
    {
        "question": "Na voz de quem se consagrou a música francesa \"Vou de Táxi\"?",
        "answers": [
            "angélica"
        ]
    },
    {
        "question": "Ache o herói diferente:\na) Cavaleiro da Lua\nb) Deadpool\nc) Thor\nd) Homem-Aranha",
        "answers": [
            "c",
            "thor"
        ]
    },
    {
        "question": "A que herói remete a frase: \"Wakanda, forever!\"",
        "answers": [
            "pantera negra"
        ]
    },
    {
        "question": "Qual o nome da matemática que escreveu o primeiro algoritmo e que foi lido por uma máquina?",
        "answers": [
            "ada lovelace"
        ]
    },
    {
        "question": "Sou conhecido como um Sinal de Internet presente em todos os lares, quem sou eu?",
        "answers": [
            "wi-fi",
            "Wi-Fi",
            "Wi-fi"
        ]
    },
    {
        "question": "Onde fica o \"Vale dos Reis\"?",
        "answers": [
            "luxor, egito",
            "luxor",
            "egito"
        ]
    },
    {
        "question": "Ele diz uma palavra, se torna invencível e com a mesma palavra volta a ser tão fraco como uma criança, de que herói nós falamos?",
        "answers": [
            "shazam"
        ]
    },
    {
        "question": "O Alface é: verdura ou legume?",
        "answers": [
            "verdura"
        ]
    },
    {
        "question": "A cenoura é: hortaliça ou raíz?",
        "answers": [
            "as duas"
        ]
    },
    {
        "question": "O tomate é: verdura ou legume?",
        "answers": [
            "legume"
        ]
    },
    {
        "question": "Feijão, lentilha, soja, ervilha e grão-de-bico faz parte de qual grupo dos legumes?",
        "answers": [
            "leguminosas"
        ]
    },
    {
        "question": "Ache o feijão impostor:\na) feijão fradinho\nb) nenhum\nc) feijão moyashi\nd) feijão carioca",
        "answers": [
            "b",
            "nenhum"
        ]
    },
    {
        "question": "Traduza: Bean",
        "answers": [
            "feijão"
        ]
    },
    {
        "question": "Traduza: Carrot",
        "answers": [
            "cenoura"
        ]
    },
    {
        "question": "Traduza: Onion",
        "answers": [
            "cebola"
        ]
    },
    {
        "question": "Traduza: Lettuce",
        "answers": [
            "alface"
        ]
    },
    {
        "question": "Traduza: Rice",
        "answers": [
            "arroz"
        ]
    },
    {
        "question": "Traduza: Pasta",
        "answers": [
            "macarrão"
        ]
    },
    {
        "question": "De qual cereal vem o macarrão?",
        "answers": [
            "trigo"
        ]
    },
    {
        "question": "Qual o feminino de maestro?",
        "answers": [
            "maestrina"
        ]
    },
    {
        "question": "Nos termos de informática aprendemos que um \"bug\" é um possível erro. Mas também qual seria o outro significado mais comum?",
        "answers": [
            "inseto"
        ]
    },
    {
        "question": "Complete: São ............. o restante da planta, os frutos e sementes que plantamos na horta e consumimos em nossa alimentação.",
        "answers": [
            "legumes"
        ]
    },
    {
        "question": "Complete a frase: \"A ........... precede a queda\"",
        "answers": [
            "soberba"
        ]
    },
    {
        "question": "Complete o Teorema de Pitágoras: \"a soma dos quadrados dos ............ é igual ao quadrado da hipotenusa.\"",
        "answers": [
            "catetos"
        ]
    },
    {
        "question": "Qual a figura que representa o dia dos namorados?",
        "answers": [
            "cupido"
        ]
    },
    {
        "question": "Traduza: Cloud",
        "answers": [
            "nuvem"
        ]
    },
    {
        "question": "Traduza: Wheel",
        "answers": [
            "roda"
        ]
    },
    {
        "question": "Traduza: Sun",
        "answers": [
            "sol"
        ]
    },
    {
        "question": "Traduza: Moon",
        "answers": [
            "lua"
        ]
    },
    {
        "question": "Traduza: Rain",
        "answers": [
            "chuva"
        ]
    },
    {
        "question": "Traduza: Light",
        "answers": [
            "luz"
        ]
    },
    {
        "question": "Na escuridão estamos, até que a luz nós acendemos. Quais UM dos possíveis objetos que servem a descrição?",
        "answers": [
            "lanterna",
            "lâmpada",
            "vela"
        ]
    },
    {
        "question": "Qual grupo Michael Jackson fez parte antes de seguir carreira solo?",
        "answers": [
            "the jackson 5",
            "the jackson five"
        ]
    },
    {
        "question": "São seus irmãos: Jackie, Tito, Jermaine, Marlon e Randy. De que famoso estamos falando?",
        "answers": [
            "michael jackson"
        ]
    },
    {
        "question": "Traduza: Movie",
        "answers": [
            "filme"
        ]
    },
    {
        "question": "Traduza: Water",
        "answers": [
            "água"
        ]
    },
    {
        "question": "Traduza: Fire",
        "answers": [
            "fogo"
        ]
    },
    {
        "question": "Traduza: Air",
        "answers": [
            "ar"
        ]
    },
    {
        "question": "Traduza: Music",
        "answers": [
            "música"
        ]
    },
    {
        "question": "Traduza: War",
        "answers": [
            "guerra"
        ]
    },
    {
        "question": "Traduza: Peace",
        "answers": [
            "paz"
        ]
    },
    {
        "question": "Traduza: Brick",
        "answers": [
            "tijolo"
        ]
    },
    {
        "question": "Traduza: Cat",
        "answers": [
            "gato"
        ]
    },
    {
        "question": "Traduza: Dog",
        "answers": [
            "cachorro"
        ]
    },
    {
        "question": "Complete: São ............. as folhas que plantamos na horta e consumimos em nossa alimentação.",
        "answers": [
            "verduras"
        ]
    },
    {
        "question": "Qual o número mínimo de jogadores numa partida de futsal?",
        "answers": [
            "5",
            "cinco",
            "five"
        ]
    },
    {
        "question": "Qual o nome do boneco de madeira dos contos de fada?",
        "answers": [
            "pinóquio"
        ]
    },
    {
        "question": "Qual o nome do criador do Pinóquio?",
        "answers": [
            "gepeto"
        ]
    },
    {
        "question": "Quantos dias tem um ano bissexto?",
        "answers": [
            "366"
        ]
    },
    {
        "question": "Qual o nome químico do Sal de Cozinha?",
        "answers": [
            "cloreto de sódio"
        ]
    },
    {
        "question": "Qual a 1ª nota musical?",
        "answers": [
            "dó"
        ]
    },
    {
        "question": "Qual a 2ª nota musical?",
        "answers": [
            "ré"
        ]
    },
    {
        "question": "Qual a 3ª nota musical?",
        "answers": [
            "mi"
        ]
    },
    {
        "question": "Qual a 4ª nota musical?",
        "answers": [
            "fá"
        ]
    },
    {
        "question": "Qual a 5ª nota musical?",
        "answers": [
            "sol"
        ]
    },
    {
        "question": "Qual a 6ª nota musical?",
        "answers": [
            "lá"
        ]
    },
    {
        "question": "Qual a 7ª nota musical?",
        "answers": [
            "si"
        ]
    },
    {
        "question": "Quantas sinfonias Beethoven compôs?",
        "answers": [
            "9",
            "nove",
            "nine"
        ]
    },
    {
        "question": "Quais as claves musicas mais utilizadas?",
        "answers": [
            "clave de sol e clave de fá",
            "de sol e de fá",
            "sol e fá"
        ]
    },
    {
        "question": "Qual clave musical usamos para representar registros agudos?",
        "answers": [
            "clave de sol",
            "sol"
        ]
    },
    {
        "question": "Qual clave musical usamos para representar registros graves?",
        "answers": [
            "clave de fá",
            "fá"
        ]
    },
    {
        "question": "Qual o nome completo de Mozart?",
        "answers": [
            "wolfgang amadeus mozart"
        ]
    },
    {
        "question": "Qual a voz grave masculina?",
        "answers": [
            "baixo"
        ]
    },
    {
        "question": "Quais as duas vozes agudas masculinas?",
        "answers": [
            "primeiro tenor e segundo tenor"
        ]
    },
    {
        "question": "Qual a voz intermediária masculina?",
        "answers": [
            "barítono"
        ]
    },
    {
        "question": "Qual a voz grave feminina?",
        "answers": [
            "contralto"
        ]
    },
    {
        "question": "Qual a voz aguda feminina?",
        "answers": [
            "soprano"
        ]
    },
    {
        "question": "Qual a voz intermediária feminina?",
        "answers": [
            "mezzo-soprano",
            "meio-soprano"
        ]
    },
    {
        "question": "Quando alguém sai da nota ou foge do tom falamos que ela:",
        "answers": [
            "desafinou"
        ]
    },
    {
        "question": "Qual o instrumento metálico usado para afinação?",
        "answers": [
            "diapasão"
        ]
    },
    {
        "question": "O piano é principalmente um instrumento de:",
        "answers": [
            "cordas"
        ]
    },
    {
        "question": "A bateria é um instrumento de:",
        "answers": [
            "percussão"
        ]
    },
    {
        "question": "A flauta é um instrumento de:",
        "answers": [
            "sopro"
        ]
    },
    {
        "question": "A guitarra é um instrumento de:",
        "answers": [
            "cordas"
        ]
    },
    {
        "question": "A sanfona é um instrumento de:",
        "answers": [
            "teclas"
        ]
    },
    {
        "question": "Quem canta a música \"Aquarela\"?",
        "answers": [
            "toquinho"
        ]
    },
    {
        "question": "Quem canta a música \"Garota de Ipanema\"?",
        "answers": [
            "antonio carlos jobim",
            "tom jobim"
        ]
    },
    {
        "question": "Qual foi a mulher que serviu de inspiração para Tom Jobim fazer a música \"Garota de Ipanema\"?",
        "answers": [
            "helô pinheiro",
            "heloisa eneida menezes paes pinto pinheiro"
        ]
    },
    {
        "question": "Quem canta a música \"Andar com fé\"?",
        "answers": [
            "gilberto gil"
        ]
    },
    {
        "question": "Quem canta a música \"Burguesinha\"?",
        "answers": [
            "seu jorge"
        ]
    },
    {
        "question": "Quem canta a música \"O Descobridor dos Sete Mares\"?",
        "answers": [
            "tim maia"
        ]
    },
    {
        "question": "Quem canta a música \"Cheia de Manias\"?",
        "answers": [
            "raça negra"
        ]
    },
    {
        "question": "Quem canta a música \"Banho de Lua\"?",
        "answers": [
            "celly campello"
        ]
    },
    {
        "question": "Quem canta a música \"Banho de Lua\"?",
        "answers": [
            "celly campello"
        ]
    },
    {
        "question": "Quem canta a música \"Não se vá\"?",
        "answers": [
            "jane e herondy"
        ]
    },
    {
        "question": "Quem canta a música \"Chorando se foi\"?",
        "answers": [
            "grupo kaoma",
            "kaoma"
        ]
    },
    {
        "question": "Quem canta a música \"Não Deixe o Samba Morrer?\"",
        "answers": [
            "alcione"
        ]
    },
    {
        "question": "Quem canta a música \"Fico Assim Sem Você\"?",
        "answers": [
            "adriana calcanhoto"
        ]
    },
    {
        "question": "Quem canta a música \"A Banda\"?",
        "answers": [
            "chico buarque"
        ]
    },
    {
        "question": "Como chamamos algo cheio de cores?",
        "answers": [
            "colorido"
        ]
    },
    {
        "question": "Qual o significado do estilo musical MPB?",
        "answers": [
            "música popular brasileira"
        ]
    },
    {
        "question": "Qual a doença que faz o ser humano ou animal ter olhos de cores diferentes?",
        "answers": [
            "heterocromia"
        ]
    },
    {
        "question": "Qual o nome do cantor e showman que cantou \"Meu limão, meu limoeiro\"?",
        "answers": [
            "wilson simonal"
        ]
    },
    {
        "question": "Qual a identidade do Superman?",
        "answers": [
            "clark kent"
        ]
    },
    {
        "question": "Quem foi o campeão do BBB 2022?",
        "answers": [
            "arthur aguiar"
        ]
    },
    {
        "question": "Quem foi a campeã do BBB 2021?",
        "answers": [
            "juliette"
        ]
    },
    {
        "question": "Qual o significado do programa BBB?",
        "answers": [
            "big brother brasil"
        ]
    },
    {
        "question": "Quem foi a campeã do BBB 2020?",
        "answers": [
            "thelma assis",
            "thelma",
            "thelminha"
        ]
    },
    {
        "question": "Como é chamado quem faz nada no programa BBB?",
        "answers": [
            "planta"
        ]
    },
    {
        "question": "Como é chamado quem perde a prova da semana no programa BBB?",
        "answers": [
            "monstro"
        ]
    },
    {
        "question": "Como chama a prova que salva a pessoa de ir pro paredão no programa BBB?",
        "answers": [
            "prova do anjo"
        ]
    },
    {
        "question": "“O simples bater de asas de uma borboleta no Brasil pode ocasionar um tornado no Texas”. A frase citada pertence a um Efeito muito estudado por cientistas, qual seria?",
        "answers": [
            "efeito borboleta"
        ]
    },
    {
        "question": "Há uma teoria que diz que alterações pequenas podem ocasionar fenômenos maiores. Qual é essa teoria?",
        "answers": [
            "teoria do caos"
        ]
    },
    {
        "question": "Quem canta a música \"Sandra Rosa Madalena\"?",
        "answers": [
            "sidney magal"
        ]
    },
    {
        "question": "Qual o nome do ratinho símbolo da Walt Disney?",
        "answers": [
            "mickey mouse"
        ]
    },
    {
        "question": "Qual o nome da namorada do Mickey Mouse?",
        "answers": [
            "minnie mouse"
        ]
    },
    {
        "question": "\"Ele ficou inerte ao saber que seria pai\". Qual o significado de Inerte?",
        "answers": [
            "parado",
            "fixo",
            "imóvel"
        ]
    },
    {
        "question": "Complete: \"...... sem fronteiras\".",
        "answers": [
            "tim"
        ]
    },
    {
        "question": "Qual o nome do criador da personagem das HQ, Mafalda?",
        "answers": [
            "quino"
        ]
    },
    {
        "question": "Quem é o autor de \"O menino maluquinho\"?",
        "answers": [
            "ziraldo alves pinto",
            "ziraldo"
        ]
    },
    {
        "question": "Quem é o autor de \"O menino maluquinho\"?",
        "answers": [
            "ziraldo alves pinto",
            "ziraldo"
        ]
    },
    {
        "question": "Qual a cor da bandeira de rendição?",
        "answers": [
            "branca",
            "branco"
        ]
    },
    {
        "question": "Quem foi Ayrton Senna?",
        "answers": [
            "piloto"
        ]
    },
    {
        "question": "Quem foi Oscar Niemeyer?",
        "answers": [
            "arquiteto"
        ]
    },
    {
        "question": "Quem foi Aleijadinho?",
        "answers": [
            "escultor"
        ]
    },
    {
        "question": "Quem foi Chico Xavier?",
        "answers": [
            "médium"
        ]
    },
    {
        "question": "Quem é Ney Matogrosso?",
        "answers": [
            "cantor"
        ]
    },
    {
        "question": "Quem é Fernanda Montenegro?",
        "answers": [
            "atriz"
        ]
    },
    {
        "question": "Quem foi Stan Lee?",
        "answers": [
            "escritor"
        ]
    },
    {
        "question": "Antes de tornar líder da Inconfidência Mineira qual era uma das principais profissões de Tiradentes?",
        "answers": [
            "dentista"
        ]
    },
    {
        "question": "Quem foi Oswaldo Cruz?",
        "answers": [
            "médico"
        ]
    },
    {
        "question": "Quem foi Santos Dumont?",
        "answers": [
            "piloto"
        ]
    },
    {
        "question": "Além de escritora qual outra profissão no ramo muito valorizada tinha Cecília Meireles?",
        "answers": [
            "jornalista"
        ]
    },
    {
        "question": "Em que ano foi fundada a Academia de Letras do Brasil?",
        "answers": [
            "1897"
        ]
    },
    {
        "question": "Quem é o autor da \"Turma da Mônica\"?",
        "answers": [
            "mauricio de sousa"
        ]
    },
    {
        "question": "Quem é o autor do \"Sítio do Pica-Pau Amarelo\"?",
        "answers": [
            "monteiro lobato"
        ]
    },
    {
        "question": "A abelha faz duas coisas: uma é o Mel e a outra?",
        "answers": [
            "cera"
        ]
    },
    {
        "question": "Qual o objeto muito utilizado por cantores e palestrantes?",
        "answers": [
            "microfone"
        ]
    },
    {
        "question": "Qual o nome não muito utilizado para o objeto que usamos para limpar o ouvido?",
        "answers": [
            "bastonete"
        ]
    },
    {
        "question": "Qual o objeto que usamos para tirar sujeira do ouvido?",
        "answers": [
            "cotonete"
        ]
    },
    {
        "question": "Qual o nome do objeto que usamos para cortar as unhas?",
        "answers": [
            "cortador de unhas"
        ]
    },
    {
        "question": "Qual o nome do objeto que usamos para limpar nossos dentes?",
        "answers": [
            "escova de dentes",
            "escova dental"
        ]
    },
    {
        "question": "Qual o objeto que usamos para lavar as vasilhas sujas?",
        "answers": [
            "esponja"
        ]
    },
    {
        "question": "Traduza: Honey",
        "answers": [
            "mel"
        ]
    },
    {
        "question": "Traduza: My Dear",
        "answers": [
            "minha querida",
            "meu querido"
        ]
    },
    {
        "question": "Traduza: Meat",
        "answers": [
            "carne"
        ]
    },
    {
        "question": "Traduza: Squirrel",
        "answers": [
            "esquilo"
        ]
    },
    {
        "question": "Traduza: Balloon",
        "answers": [
            "balão"
        ]
    },
    {
        "question": "Traduza: Apple",
        "answers": [
            "maçã"
        ]
    },
    {
        "question": "Traduza: Watermelon",
        "answers": [
            "melancia"
        ]
    },
    {
        "question": "Traduza: Pineapple",
        "answers": [
            "abacaxi"
        ]
    },
    {
        "question": "Traduza: Rock",
        "answers": [
            "pedra",
            "rocha"
        ]
    },
    {
        "question": "Qual o nome da ave presente na Nova Zelândia e muito parecido com uma fruta com K?",
        "answers": [
            "quivi"
        ]
    },
    {
        "question": "O animal Glutão é um:",
        "answers": [
            "mamífero"
        ]
    },
    {
        "question": "Qual o animal com o maior pescoço?",
        "answers": [
            "girafa"
        ]
    },
    {
        "question": "Quantos quilos pesa aprox. o pescoço de uma girafa?",
        "answers": [
            "272"
        ]
    },
    {
        "question": "As girafas de acordo com a sua alimentação, são:",
        "answers": [
            "herbívoras"
        ]
    },
    {
        "question": "Os leões de acordo com sua alimentação, são:",
        "answers": [
            "carnívoros"
        ]
    },
    {
        "question": "Animais que botam ovos faz parte de qual tipo de animais?",
        "answers": [
            "ovíparos"
        ]
    },
    {
        "question": "Traduza: Sugar",
        "answers": [
            "açúcar"
        ]
    },
    {
        "question": "Traduza: Wall",
        "answers": [
            "parede"
        ]
    },
    {
        "question": "Traduza: House",
        "answers": [
            "casa"
        ]
    },
    {
        "question": "Traduza: Juice",
        "answers": [
            "suco"
        ]
    },
    {
        "question": "Traduza: Diamond",
        "answers": [
            "diamante"
        ]
    },
    {
        "question": "Traduza: Rocket",
        "answers": [
            "foguete"
        ]
    },
    {
        "question": "Traduza: Star",
        "answers": [
            "estrela"
        ]
    },
    {
        "question": "Traduza: Gold",
        "answers": [
            "ouro"
        ]
    },
    {
        "question": "Traduza: Bee",
        "answers": [
            "abelha"
        ]
    },
    {
        "question": "Qual país é conhecido como \"País Tropical\"?",
        "answers": [
            "brasil"
        ]
    },
    {
        "question": "Qual o segundo maior país da América do Sul?",
        "answers": [
            "argentina"
        ]
    },
    {
        "question": "A origem do alimente Fofa vem de qual país?",
        "answers": [
            "alemanha"
        ]
    },
    {
        "question": "Qual a alternativa para quem tem problema de vista e não quer usar óculos?",
        "answers": [
            "lente de contato"
        ]
    },
    {
        "question": "Traduza: Beach",
        "answers": [
            "praia"
        ]
    },
    {
        "question": "Traduza: City",
        "answers": [
            "cidade"
        ]
    },
    {
        "question": "Qual foi a primeira capital do Brasil?",
        "answers": [
            "salvador"
        ]
    },
    {
        "question": "Qual foi a segunda capital do Brasil?",
        "answers": [
            "rio de janeiro"
        ]
    },
    {
        "question": "Qual foi a terceira capital do Brasil?",
        "answers": [
            "curitiba"
        ]
    },
    {
        "question": "O Brasil além de Salvador e Rio de Janeiro teve uma terceira capital por 3 dias de 24 a 27 de Março de 1969, qual era?",
        "answers": [
            "curitiba"
        ]
    },
    {
        "question": "Qual a Estação do Ano das flores?",
        "answers": [
            "primavera"
        ]
    },
    {
        "question": "Qual a Estação do Ano dos frutos?",
        "answers": [
            "outono"
        ]
    },
    {
        "question": "Qual a Estação do Ano do frio?",
        "answers": [
            "inverno"
        ]
    },
    {
        "question": "Qual a Estação do Ano do calor?",
        "answers": [
            "verão"
        ]
    },
    {
        "question": "Quantos meses o ano é composto?",
        "answers": [
            "12 meses",
            "12",
            "doze meses"
        ]
    },
    {
        "question": "Cite UM mês que tenha 30 dias",
        "answers": [
            "abril",
            "junho",
            "setembro",
            "novembro"
        ]
    },
    {
        "question": "Qual o único mês que difere dos outros na quantidade de dias?",
        "answers": [
            "fevereiro"
        ]
    },
    {
        "question": "De quantos em quantos anos acontece a Copa do Mundo?",
        "answers": [
            "4",
            "quatro",
            "four"
        ]
    },
    {
        "question": "\"Eu quero esse/este sorvete aí perto de ti\". Qual palavra completa corretamente?",
        "answers": [
            "esse"
        ]
    },
    {
        "question": "\"Não venha pegar meu salgado, esse/este já tem dono. Qual palavra completa corretamente?",
        "answers": [
            "este"
        ]
    },
    {
        "question": "A palavra ..... é um pronome que refere a algo que está perto de quem fala. Usado também no presente.",
        "answers": [
            "este",
            "isto"
        ]
    },
    {
        "question": "A palavra ..... é um pronome que refere a algo que está perto a quem se fala. Usado também no passado e futuro.",
        "answers": [
            "esse",
            "isso"
        ]
    },
    {
        "question": "A palavra ..... é um pronome que refere a algo que está longe de quem fala e a quem fala.",
        "answers": [
            "aquele"
        ]
    },
    {
        "question": "As palavras ESTE, ESSE e AQUELE são de qual tipo de pronome?",
        "answers": [
            "pronome demonstrativo",
            "demonstrativo"
        ]
    },
    {
        "question": "Complete com o PORQUE correto: \"Eu amo te provocar ........... você sempre fica bravinha.\"",
        "answers": [
            "porque"
        ]
    },
    {
        "question": "Complete com o PORQUE correto: \"Eu vim atrás de tu o ......... eu não sei.\"",
        "answers": [
            "porquê"
        ]
    },
    {
        "question": "Complete com o PORQUE correto: \"Você reprovou na prova da matéria que mais conhecia, ............?",
        "answers": [
            "por quê"
        ]
    },
    {
        "question": "Complete com o PORQUE correto: \"Meu pai sabe .......... eu não consegui aquela vaga de emprego?",
        "answers": [
            "por que"
        ]
    },
    {
        "question": "Quando estamos respondendo uma pergunta usamos qual PORQUE?",
        "answers": [
            "porque"
        ]
    },
    {
        "question": "Quando falamos o motivo ou explicamos algo qual é o PORQUE?",
        "answers": [
            "porquê"
        ]
    },
    {
        "question": "Qual PORQUE usa no início ou meio de uma pergunta?",
        "answers": [
            "por que"
        ]
    },
    {
        "question": "Qual PORQUE usa no final de uma pergunta?",
        "answers": [
            "por quê"
        ]
    },
    {
        "question": "Um cachorro de rua também é conhecido como:",
        "answers": [
            "vira-lata"
        ]
    },
    {
        "question": "Qual é a cor de cachorro que virou meme no Brasil?",
        "answers": [
            "o caramelo",
            "caramelo"
        ]
    },
    {
        "question": "Qual um dos cachorros mais bravos que sua estatura não o impede de ter valentia?",
        "answers": [
            "pinscher"
        ]
    },
    {
        "question": "Qual é a cor do semáforo que representa PARAR?",
        "answers": [
            "vermelho"
        ]
    },
    {
        "question": "Qual é a cor do semáforo que representa ATENÇÃO?",
        "answers": [
            "amarelo"
        ]
    },
    {
        "question": "Qual é a cor do semáforo que representa SEGUIR EM FRENTE?",
        "answers": [
            "verde"
        ]
    },
    {
        "question": "Qual a fruta favorita da Magali?",
        "answers": [
            "melancia"
        ]
    },
    {
        "question": "Quem fala errado: Mônica ou Cebolinha?",
        "answers": [
            "mônica"
        ]
    },
    {
        "question": "Qual personagem dos quadrinhos troca R por L?",
        "answers": [
            "cebolinha"
        ]
    },
    {
        "question": "Qual o cachorro do Franjinha?",
        "answers": [
            "bidu"
        ]
    },
    {
        "question": "Qual o cachorro do Cebolinha?",
        "answers": [
            "floquinho"
        ]
    },
    {
        "question": "Qual o cachorro da Mônica?",
        "answers": [
            "monicão"
        ]
    },
    {
        "question": "Qual o cachorro do Cascão?",
        "answers": [
            "nenhum",
            "não tem"
        ]
    },
    {
        "question": "Qual o gato da Magali?",
        "answers": [
            "mingau"
        ]
    },
    {
        "question": "Como falamos quando uma palavra passa o sentido de ser pequena?",
        "answers": [
            "diminutivo"
        ]
    },
    {
        "question": "Como falamos quando uma palavra passa o sentido de ser grande?",
        "answers": [
            "aumentativo"
        ]
    },
    {
        "question": "Qual expressão usamos para algo que está mediano?",
        "answers": [
            "mais ou menos"
        ]
    },
    {
        "question": "Qual outro nome dar ao morador de rua?",
        "answers": [
            "mendigo"
        ]
    },
    {
        "question": "Qual nome de quem não tem moradia fixa?",
        "answers": [
            "nômade"
        ]
    },
    {
        "question": "Qual o nome do sinal matemático: %",
        "answers": [
            "porcentagem",
            "percentagem"
        ]
    },
    {
        "question": "Qual o nome do sinal matemático: =",
        "answers": [
            "igual"
        ]
    },
    {
        "question": "Qual o nome do sinal matemático: >",
        "answers": [
            "maior",
            "maior de"
        ]
    },
    {
        "question": "Qual o nome do sinal matemático: <",
        "answers": [
            "menor",
            "menor de"
        ]
    },
    {
        "question": "Qual o nome que damos a uma letra que representa um valor indefinido na matemática?",
        "answers": [
            "incógnita"
        ]
    },
    {
        "question": "Cite UMA das quatro estações do ano",
        "answers": [
            "primavera",
            "verão",
            "outono",
            "inverno"
        ]
    }
]