[
    {
        "value": 1,
        "emoji": "<:AsOuro:1014324064329941133>"
    },
    {
        "value": 2,
        "emoji": "<:DoisOuro:1014333000332353548>"
    },
    {
        "value": 3,
        "emoji": "<:TresOuro:1014332997434093688>"
    },
    {
        "value": 4,
        "emoji": "<:QuatroOuro:1014332995362107434>"
    },
    {
        "value": 5,
        "emoji": "<:CincoOuro:1014332993629847582>"
    },
    {
        "value": 6,
        "emoji": "<:SeisOuro:1014332990886789180>"
    },
    {
        "value": 7,
        "emoji": "<:SeteOuro:1014332989389414531>"
    },
    {
        "value": 8,
        "emoji": "<:OitoOuro:1014333014291005620>"
    },
    {
        "value": 9,
        "emoji": "<:NoveOuro:1014333012554547200>"
    },
    {
        "value": 10,
        "emoji": "<:DezOuro:1014333010214133900>"
    },
    {
        "value": 10,
        "emoji": "<:ValeteOuro:1014333007873708072>"
    },
    {
        "value": 10,
        "emoji": "<:RainhaOuro:1014333005009010798>"
    },
    {
        "value": 10,
        "emoji": "<:ReiOuro:1014333002349822033>"
    },
    {
        "value": 1,
        "emoji": "<:AsCopas:1014337914932580372>"
    },
    {
        "value": 2,
        "emoji": "<:DoisCopas:1014337911983976508>"
    },
    {
        "value": 3,
        "emoji": "<:TresCopas:1014337909832306688>"
    },
    {
        "value": 4,
        "emoji": "<:QuatroCopas:1014337906405548083>"
    },
    {
        "value": 5,
        "emoji": "<:CincoCopas:1014337903859597443>"
    },
    {
        "value": 6,
        "emoji": "<:SeisCopas:1014337901250748446>"
    },
    {
        "value": 7,
        "emoji": "<:SeteCopas:1014337897383596072>"
    },
    {
        "value": 8,
        "emoji": "<:OitoCopas:1014337894942523473>"
    },
    {
        "value": 9,
        "emoji": "<:NoveCopas:1014337932234072064>"
    },
    {
        "value": 10,
        "emoji": "<:DezCopas:1014337929545523271>"
    },
    {
        "value": 10,
        "emoji": "<:ValeteCopas:1014337927230271579>"
    },
    {
        "value": 10,
        "emoji": "<:RainhaCopas:1014337924298457119>"
    },
    {
        "value": 10,
        "emoji": "<:ReiCopas:1014337916962611261>"
    },
    {
        "value": 1,
        "emoji": "<:AsEspadas:1014340701082894417>"
    },
    {
        "value": 2,
        "emoji": "<:DoisEspadas:1014340699593900152>"
    },
    {
        "value": 3,
        "emoji": "<:TresEspadas:1014340697698078730>"
    },
    {
        "value": 4,
        "emoji": "<:QuatroEspadas:1014340695730946120>"
    },
    {
        "value": 5,
        "emoji": "<:CincoEspadas:1014340693994516531>"
    },
    {
        "value": 6,
        "emoji": "<:SeisEspadas:1014340692421648385>"
    },
    {
        "value": 7,
        "emoji": "<:SeteEspadas:1014340690752327700>"
    },
    {
        "value": 8,
        "emoji": "<:OitoEspadas:1014340688776802335>"
    },
    {
        "value": 9,
        "emoji": "<:NoveEspadas:1014340687136817152>"
    },
    {
        "value": 10,
        "emoji": "<:DezEspadas:1014340685178093649>"
    },
    {
        "value": 10,
        "emoji": "<:ValeteEspadas:1014340681029914656>"
    },
    {
        "value": 10,
        "emoji": "<:RainhaEspadas:1014340683382919168>"
    },
    {
        "value": 10,
        "emoji": "<:ReiEspadas:1014340678777577505>"
    },
    {
        "value": 1,
        "emoji": "<:AsPaus:1014340677460574288>"
    },
    {
        "value": 2,
        "emoji": "<:DoisPaus:1014340675795439677>"
    },
    {
        "value": 3,
        "emoji": "<:TresPaus:1014340673727639592>"
    },
    {
        "value": 4,
        "emoji": "<:QuatroPaus:1014340672033132554>"
    },
    {
        "value": 5,
        "emoji": "<:CincoPaus:1014340670405746839>"
    },
    {
        "value": 6,
        "emoji": "<:SeisPaus:1014340669000659026>"
    },
    {
        "value": 7,
        "emoji": "<:SetePaus:1014340667402625064>"
    },
    {
        "value": 8,
        "emoji": "<:OitoPaus:1014340665737490472>"
    },
    {
        "value": 9,
        "emoji": "<:NovePaus:1014340706401259630>"
    },
    {
        "value": 10,
        "emoji": "<:DezPaus:1014340704463507546>"
    },
    {
        "value": 10,
        "emoji": "<:ValetePaus:1014341137185648743>"
    },
    {
        "value": 10,
        "emoji": "<:RainhaPaus:1014341138875940974>"
    },
    {
        "value": 10,
        "emoji": "<:ReiPaus:1014340702873858078>"
    }
]