{
    "Cantadas": [
        {
            "Cantada": "Você é feito de lítio, neodímio, oxigênio e carbono. Sabe por quê? Porque você é Li-Nd-O-NA",
            "Author": "451619591320371213"
        },
        {
            "Cantada": "se beleza fosse merda, vc estaria toda cagada",
            "Author": "315297741406339083"
        },
        {
            "Cantada": "Oi gata, gosta de futebol? É que eu queria que você batesse uma bolinha pra mim<:y_emojishy_voltz:902332675984080897>",
            "Author": "545189821245685781"
        },
        {
            "Cantada": "Oi, queria saber como posso te chamar... Meu amor ou amor da minha vida?😍 🥰",
            "Author": "545189821245685781"
        },
        {
            "Cantada": "Pesquisas apontam que agente junto é erro de gramática, mas a gente separado é erro do destino.",
            "Author": "315297741406339083"
        },
        {
            "Cantada": "Gosto de seus olhos, mas prefiro os meus. Se não fosse por eles, eu jamais veria os seus.",
            "Author": "315297741406339083"
        },
        {
            "Cantada": "Me chama pra jogar sinuca que eu encaçapo minhas bolas sem dó.",
            "Author": "545189821245685781"
        },
        {
            "Cantada": "Tem como não sorrir quando me lembro de você?",
            "Author": "315297741406339083"
        },
        {
            "Cantada": "Você é o meu alvo? Porque quando eu te vejo o meu coração dispara🥰",
            "Author": "545189821245685781"
        },
        {
            "Cantada": "Um mês atrás eu era apaixonado(a) por você. E parece que estamos no mês passado ainda.",
            "Author": "315297741406339083"
        },
        {
            "Cantada": "Se preto fosse paixão e branco fosse carinho, o que eu sinto por você seria xadrezinho.",
            "Author": "315297741406339083"
        },
        {
            "Cantada": "Não sei se o mundo é bom, mas ele ficou muito melhor quando você chegou.",
            "Author": "315297741406339083"
        },
        {
            "Cantada": "Eu tô precisando de óculos escuros, porque você brilha mais que o Sol😎",
            "Author": "545189821245685781"
        },
        {
            "Cantada": "Afinal, está tudo bem comigo. Aquele batimento estranho no coração é só mesmo uma questão de paixão por você.",
            "Author": "315297741406339083"
        },
        {
            "Cantada": "Não existe amor à primeira vista. O que existe é a pessoa certa, no momento certo. Você por acaso estava lá!",
            "Author": "315297741406339083"
        },
        {
            "Cantada": "Se beleza fosse flor, você seria o Jardim Botânico!",
            "Author": "315297741406339083"
        },
        {
            "Cantada": "Oi moça, deixa a sua mãe virar minha sogra?😊",
            "Author": "545189821245685781"
        },
        {
            "Cantada": "Dizem que o que a gente vê nas nuvens é o nosso maior sonho. E eu ví nos dois juntos <3",
            "Author": "545189821245685781"
        },
        {
            "Cantada": "Você diz “Boa noite”. Mas como vou ter sem você aqui do meu lado?😔",
            "Author": "545189821245685781"
        },
        {
            "Cantada": "Você quer me ter ou só meter?😕",
            "Author": "545189821245685781"
        },
        {
            "Cantada": "Nem o pc com as melhores configurações poderia processar os gráficos da sua beleza <3",
            "Author": "545189821245685781"
        },
        {
            "Cantada": "Você é bruxa? Porque você balançou a varinha e fez uma mágica acontecer😳",
            "Author": "545189821245685781"
        },
        {
            "Cantada": "Você não é sushi, mas quero te comer com meu palito",
            "Author": "451619591320371213"
        },
        {
            "Cantada": "Você não é pescoço mas mexeu minha cabeça.",
            "Author": "545189821245685781"
        },
        {
            "Cantada": "Posso te chamar de cueca e colocar meu & em você?",
            "Author": "451619591320371213"
        },
        {
            "Cantada": "Me chama de urso e deixa eu provar do seu mel 🍯❤️",
            "Author": "545189821245685781"
        },
        {
            "Cantada": "Você não é chiclete mas grudou na minha mente, agora ninguém te tira de lá...",
            "Author": "545189821245685781"
        },
        {
            "Cantada": "Você mia? Porque você é uma gata🐱",
            "Author": "545189821245685781"
        },
        {
            "Cantada": "Você não é pipoca mas te comeria todo dia",
            "Author": "451619591320371213"
        },
        {
            "Cantada": "Você não é anel mas eu enfiaria meu dedo em você",
            "Author": "451619591320371213"
        },
        {
            "Cantada": "Se sua beleza fosse arte você seria mais famosa que a Monalisa",
            "Author": "545189821245685781"
        },
        {
            "Cantada": "Não tem cantada pra você. Você merece flores, e não palavras!",
            "Author": "545189821245685781"
        },
        {
            "Cantada": "queria ser uma pizza, mas pizza não posso ser pq pizza da pra 8 e eu só quero dar pra vc rs",
            "Author": "737238491842347098"
        },
        {
            "Cantada": "Você não é sorvete, mas te lamberia todo dia",
            "Author": "451619591320371213"
        },
        {
            "Cantada": "Tá vendo aquele casal perfeito? Poderia ser a gente.",
            "Author": "545189821245685781"
        },
        {
            "Cantada": "Se eu quero você pra mim? Dó Re Mi Fa Sol se for agora😎",
            "Author": "545189821245685781"
        },
        {
            "Cantada": "Preciso de um tempo. De tão doce que você é vou pegar diabete.",
            "Author": "545189821245685781"
        },
        {
            "Cantada": "Com meu coração de gelo você derrete ele todinho🧊❤️🔥",
            "Author": "545189821245685781"
        },
        {
            "Cantada": "Virei master chef 1 linguiça, 2 ovos, leite, e te deixo de barriga chega durante 9 meses.",
            "Author": "545189821245685781"
        },
        {
            "Cantada": "Já usou aquele shampoo para esquecer o ex, o 'Euserve'.",
            "Author": "796906915543646249"
        },
        {
            "Cantada": "Me chama de carta e me dá um selinho💌",
            "Author": "545189821245685781"
        },
        {
            "Cantada": "A sua voz é o único podcast que escutaria o dia todo",
            "Author": "545189821245685781"
        },
        {
            "Cantada": "Diga que sou grato a sua mãe, por ter botado uma pessoa tão perfeita no mundo",
            "Author": "545189821245685781"
        },
        {
            "Cantada": "Destre todas as curvas, as mais perigosas são as do seu corpo",
            "Author": "545189821245685781"
        },
        {
            "Cantada": "Se é bonita com roupa, imagina sem...",
            "Author": "545189821245685781"
        },
        {
            "Cantada": "De TODOS os idiomas que existem no mundo, a única língua que gostaria de aprender é a sua👅",
            "Author": "545189821245685781"
        },
        {
            "Cantada": "Tu mora em apartamento? Porque EDIFÍCIO ficar longe de vc",
            "Author": "741788846978629793"
        },
        {
            "Cantada": "Maconha é planta. Droga mesmo é te ver mas não te ter",
            "Author": "545189821245685781"
        },
        {
            "Cantada": "PARADA! Você está sendo presa por ser muito linda✋👮‍♂️🛑",
            "Author": "545189821245685781"
        },
        {
            "Cantada": "Eu tento te tirar dá cabeca, mas você fica bem assim: zig zag zum, não vou a lugar nenhum",
            "Author": "545189821245685781"
        },
        {
            "Cantada": "Vamos fazer assim: eu te dou um beijo. Se você gostar, você me dá outro. Se não gostar, você me devolve",
            "Author": "545189821245685781"
        },
        {
            "Cantada": "Usei shampoo anti-quedas mas não adiantou nada. Minha queda por você continua...",
            "Author": "545189821245685781"
        },
        {
            "Cantada": "Vamo vender picolé na rua? Eu empurro e você grita",
            "Author": "545189821245685781"
        },
        {
            "Cantada": "Se o universo soubesse o tamanho do meu amor por você, ele teria vergonha de ser tão pequeno❤️ ❤️ ❤️ ❤️",
            "Author": "545189821245685781"
        },
        {
            "Cantada": "Você não é 2020/2021 mas fodeu com meu psicológico",
            "Author": "451619591320371213"
        },
        {
            "Cantada": "Você não é adubo mas fez minha flor crescer",
            "Author": "351903530161799178"
        },
        {
            "Cantada": "Você trabalha na horta? Pq você fez meu pepino crescer <:flanshed:878122026366283786>",
            "Author": "351903530161799178"
        },
        {
            "Cantada": "Conhece avon? A vontade que tenho de te dar uns beijos",
            "Author": "545189821245685781"
        },
        {
            "Cantada": "Deixa eu te chamar de manga que te chupo todinha",
            "Author": "545189821245685781"
        },
        {
            "Cantada": "Oi, cheguei atrasado na fila de quem quer ser o amor da sua vida?",
            "Author": "545189821245685781"
        },
        {
            "Cantada": "Prefere que eu te leve do colchão para o céu ou traga o céu para o colchão?",
            "Author": "545189821245685781"
        },
        {
            "Cantada": "Me chama de avião que te levo as alturas",
            "Author": "545189821245685781"
        },
        {
            "Cantada": "Eu tô fazendo o jantar. Mas se eu cozinho até eu como😋 😋",
            "Author": "545189821245685781"
        },
        {
            "Cantada": "eu quero te dar e não é parabens",
            "Author": "743435108090118154"
        },
        {
            "Cantada": "Cadê a sua coroa? Ué, você não é a uma princesa?",
            "Author": "545189821245685781"
        },
        {
            "Cantada": "Newton estava errado. Dito as leis, era para eu estar sendo atraído para o centro da Terra, mas eu tô totalmente atraído por você",
            "Author": "545189821245685781"
        },
        {
            "Cantada": "Qual é o número da polícia? Infelizmente, terei que te denunciar por roubar meu coração",
            "Author": "737238491842347098"
        },
        {
            "Cantada": "O que eu sinto por você só pode ser motorista, porque passageiro não é",
            "Author": "737238491842347098"
        },
        {
            "Cantada": "Está calor, né? Mas não é de hoje que eu me derreto por você.",
            "Author": "737238491842347098"
        },
        {
            "Cantada": "Você foi feita com velas, mel, fitinhas vermelhas e rosas? Porque te achei uma simpatia",
            "Author": "737238491842347098"
        },
        {
            "Cantada": "Queria desejar noite, porque para ser boa teríamos que estar juntos",
            "Author": "737238491842347098"
        },
        {
            "Cantada": "Não sou carro, mas sou Para ti.",
            "Author": "737238491842347098"
        },
        {
            "Cantada": "Estou fazendo uma campanha de doação de órgãos! Então, não quer doar seu coração para mim?",
            "Author": "737238491842347098"
        },
        {
            "Cantada": "se a beleza fosse ser a akemy vc seria a akemy",
            "Author": "743435108090118154"
        },
        {
            "Cantada": "Você acredita em amor à primeira vista ou devo passar por aqui mais uma vez?",
            "Author": "737238491842347098"
        },
        {
            "Cantada": "Existe um vazio no meu coração que tem as suas medidas",
            "Author": "737238491842347098"
        },
        {
            "Cantada": "Onde é que eu deixo meu currículo para concorrer à vaga de amor da sua vida?",
            "Author": "737238491842347098"
        },
        {
            "Cantada": "Você deveria entrar em Hogwarts, porque o que você faz com o meu coração só pode ser bruxaria.",
            "Author": "737238491842347098"
        },
        {
            "Cantada": "Se você quiser pode até me chamar de Buzz Lightyear, porque eu sou capaz de levar a nossa relação ao infinito e além",
            "Author": "737238491842347098"
        },
        {
            "Cantada": "Você não é Death Note, mas me matou quando me escreveu pela primeira vez.",
            "Author": "737238491842347098"
        },
        {
            "Cantada": "Meu amor é igual ao mapa de Minecraft: infinito e cheio de surpresas.",
            "Author": "737238491842347098"
        },
        {
            "Cantada": "Você não é o Charmander, mas me deixa pegando fogo.",
            "Author": "737238491842347098"
        },
        {
            "Cantada": "Você não é colesterol, mas afetou meu coração.",
            "Author": "737238491842347098"
        },
        {
            "Cantada": "se vc é a mulher mais linda do mundo, ent a moana é o que? a mulher mais linda do planeta?",
            "Author": "743435108090118154"
        },
        {
            "Cantada": "Vontade de fazer aquilo que começa com s: ser o amor da sua vida",
            "Author": "743435108090118154"
        },
        {
            "Cantada": "Eu te conheço? Nossa, desculpa… É que você parece muito com a minha próxima namorada",
            "Author": "743435108090118154"
        },
        {
            "Cantada": "Por acaso seu pai é pirata? Porque você é um tesouro.",
            "Author": "743435108090118154"
        },
        {
            "Cantada": "Eu sou o prédio e vc edifício",
            "Author": "854494598533742622"
        },
        {
            "Cantada": "Nossa, quem é afodite perto de vc gata?",
            "Author": "743435108090118154"
        },
        {
            "Cantada": "Você tem um band-aid? Porque ralei meu joelho caindo de amores por você",
            "Author": "743435108090118154"
        },
        {
            "Cantada": "A pressa é sua inimiga? Porque eu ouvi dizer que a pressa é inimiga da perfeição.",
            "Author": "743435108090118154"
        },
        {
            "Cantada": "Nossa, quem é afodite perto de vc gata? (a mina morre pq n existe nenhuma mulher mais bonita q afrodite)",
            "Author": "743435108090118154"
        },
        {
            "Cantada": "Me chama de Mario e vem ser minha princesa Peach.",
            "Author": "743435108090118154"
        },
        {
            "Cantada": "Se você quiser ser o meu player 2, o lugar está reservado para salvarmos vários jogos no meu coração",
            "Author": "743435108090118154"
        },
        {
            "Cantada": "Meu nome é Arlindo, mas pode me chamar só de lindo, porque o ar eu perdi quando te vi.",
            "Author": "743435108090118154"
        },
        {
            "Cantada": "Gata, me chama de video game e me joga no sofá",
            "Author": "743435108090118154"
        },
        {
            "Cantada": "Se você fosse um fogão, eu beijaria todas as suas bocas.",
            "Author": "743435108090118154"
        },
        {
            "Cantada": "Se eu fosse um gato, passaria as minhas sete vidas com você.",
            "Author": "743435108090118154"
        },
        {
            "Cantada": "Um minuto são 60 maneiras de pensar em você.",
            "Author": "743435108090118154"
        },
        {
            "Cantada": "Fiquei sabendo que você está vendendo pão. Me vem de quatro?",
            "Author": "545189821245685781"
        },
        {
            "Cantada": "O açougueiro, vende carne. O sorveteiro, vende sorvete. O padeiro, vende pão. E, você, vem de zap?",
            "Author": "743435108090118154"
        },
        {
            "Cantada": "Você é tão lindo(a) que, quando nasceu, a sua mãe não te deu apenas à luz, mas a companhia de energia inteira.",
            "Author": "743435108090118154"
        },
        {
            "Cantada": "Você não é o dinheiro perdido no bolso do casaco, mas fiquei muito feliz de te encontrar!",
            "Author": "743435108090118154"
        },
        {
            "Cantada": "Nossa, estou sentindo uma dor no peito. Espero que seja amor. Porque se for infarto, eu nunca mais vou ver você...",
            "Author": "737238491842347098"
        },
        {
            "Cantada": "Me chama de Mário e deixa eu te comer atrás do armário",
            "Author": "545189821245685781"
        },
        {
            "Cantada": "Virei padeiro. Aí me perguntaram se eu tinha sonho. Daí respondi que o meu sonho é você :)",
            "Author": "545189821245685781"
        },
        {
            "Cantada": "me chama de telefone que com você eu perco a linha",
            "Author": "772304830169481218"
        },
        {
            "Cantada": "Gata você não é Afrodite, mas me tirou os Ares com Zeus lindos olhos.",
            "Author": "823644589344030790"
        },
        {
            "Cantada": "você ta achando que eu vou correr atras de você? kkkkkk vai devagar ai porfavor porque eu tenho asma",
            "Author": "743435108090118154"
        },
        {
            "Cantada": "Você quer o mundo? Eu te dou. Você quer lua? Eu te dou. Você quer as estrelas? Eu tbm te dou. Só não me pede um chifre, pq isso você já tem.",
            "Author": "854494598533742622"
        },
        {
            "Cantada": "Queria ser um gás nobre, mas gás nobre não posso ser.Porque gás nobre se estabiliza com 8 elétrons e eu só me estabilizo com você",
            "Author": "743435108090118154"
        },
        {
            "Cantada": "Não te doem as pernas de fugir dos meus sonhos todas as noites?",
            "Author": "823644589344030790"
        },
        {
            "Cantada": "Sabe estacionar? Porque tem uma vaga o meu coração.",
            "Author": "823644589344030790"
        },
        {
            "Cantada": "Você não é GPS quebrado, mas me deixa sem rumo.",
            "Author": "823644589344030790"
        },
        {
            "Cantada": "Estou fazendo uma campanha de doação de órgãos! Então, não quer doar seu coração para mim?",
            "Author": "823644589344030790"
        },
        {
            "Cantada": "Você não é cocô de pombo, mas caiu do céu",
            "Author": "800022237071409194"
        },
        {
            "Cantada": "Eu não sou milionária, mas eu te daria um jatinho branco",
            "Author": "800022237071409194"
        },
        {
            "Cantada": "Fui ver a previsão do tempo e li que vai rolar um clima entre nós.",
            "Author": "823644589344030790"
        },
        {
            "Cantada": "Eu perdi o número do meu telefone. Me empresta o seu?",
            "Author": "823644589344030790"
        },
        {
            "Cantada": "Virei uber, que horas eu te pego?",
            "Author": "737238491842347098"
        },
        {
            "Cantada": "Com licença, você teria um amigo em comum que pudesse nos apresentar?",
            "Author": "823644589344030790"
        },
        {
            "Cantada": "Se eu fosse um refrigerante, seria Soda, porque no meu coração soda você.",
            "Author": "823644589344030790"
        },
        {
            "Cantada": "Eu não sou ursinho de pelúcia, mas me deixa na sua cama",
            "Author": "800022237071409194"
        },
        {
            "Cantada": "Penso em você 25 horas por dia. Sabe porquê? Meu coração faz hora extra.",
            "Author": "823644589344030790"
        },
        {
            "Cantada": "Eu não sou fritura, mas só tenho óleos pra você bb rs",
            "Author": "800022237071409194"
        },
        {
            "Cantada": "Van Gogh só se apaixonou pelo amarelo pq não viu o preto dos seus pés...",
            "Author": "800022237071409194"
        },
        {
            "Cantada": "Pode me reiniciar, foi só te ver que eu travei",
            "Author": "800022237071409194"
        },
        {
            "Cantada": "Você é feito de berílio, ouro e titânio, porque você é Be-Au-Ti-Ful!",
            "Author": "577218659609608213"
        },
        {
            "Cantada": "Gata, me chama de Pitágoras e vem ser minha hipoteMusa",
            "Author": "800022237071409194"
        },
        {
            "Cantada": "Gatx, me chama de Lutero que eu mostro 95 motivos pra você ficar comigo",
            "Author": "800022237071409194"
        },
        {
            "Cantada": "você não é o gato mas eu te tacava o pau",
            "Author": "737238491842347098"
        },
        {
            "Cantada": "Eu quero bater pra você e não são palmas",
            "Author": "545189821245685781"
        },
        {
            "Cantada": "Você não é o Gojou mas eu sentaria até as pernas bambearem",
            "Author": "351903530161799178"
        },
        {
            "Cantada": "te chamo de governo e você me f0d3 até o talo, pode ser?",
            "Author": "351903530161799178"
        },
        {
            "Cantada": "Você parece bem fértil. Posso plantar minha mandioca?",
            "Author": "351903530161799178"
        },
        {
            "Cantada": "se minha calcinha tivesse senha, seu dedo seria a biometria dela 😋 😋",
            "Author": "737238491842347098"
        },
        {
            "Cantada": "me chama de asma que eu te deixo sem ar",
            "Author": "737238491842347098"
        },
        {
            "Cantada": "lindo rostinho, imagina no meio das mnhs pernas #faleitoleve",
            "Author": "737238491842347098"
        },
        {
            "Cantada": "eu não sei cozinhar bem, mas vc pode comer a primeira palavra dessa frase",
            "Author": "737238491842347098"
        },
        {
            "Cantada": "até o feijão vai por cima do arroz, pq eu não posso ir por cima de vc?",
            "Author": "737238491842347098"
        },
        {
            "Cantada": "eu não tenho o chip da laricel mas pode botar o quanto quiser na minha larissinha",
            "Author": "737238491842347098"
        },
        {
            "Cantada": "vc não é picolé de uva mais pode deixa o céu da minha boca Roxa",
            "Author": "737238491842347098"
        },
        {
            "Cantada": "vamo brincar de Cinderela,eu sou a fada madrinha as 00:00 faço sua roupa sumir",
            "Author": "737238491842347098"
        },
        {
            "Cantada": "hey gatinha n sou montanha russa mas vc pode subir e descer gritando",
            "Author": "737238491842347098"
        },
        {
            "Cantada": "a chave do seu coração eu já tenho, agora só falta a do meio das pernas",
            "Author": "679089875097616405"
        },
        {
            "Cantada": "não sou vibrador mas se quiser viro seu brinquedo",
            "Author": "887365598844182568"
        },
        {
            "Cantada": "achei ofensiva sua roupa, tira.",
            "Author": "679089875097616405"
        },
        {
            "Cantada": "queria que tu fosse travesseiro pra eu colocar só a cabecinha",
            "Author": "737238491842347098"
        },
        {
            "Cantada": "mais bonita que sua boca, somente ela nos meus lábios… Não disse quais. 👀",
            "Author": "679089875097616405"
        },
        {
            "Cantada": "você não é asas mas fez minha pomba voar",
            "Author": "887365598844182568"
        },
        {
            "Cantada": "você não é a lizzy mas fez algo crescer",
            "Author": "887365598844182568"
        },
        {
            "Cantada": "deixa eu beijar sua boca enquanto você geme",
            "Author": "887365598844182568"
        },
        {
            "Cantada": "você não é vaca mas posso tirar seu leite?",
            "Author": "887365598844182568"
        },
        {
            "Cantada": "vc e o chuveiro deveriam competir p ver quem me molha mais",
            "Author": "737238491842347098"
        },
        {
            "Cantada": "Me chama de favos e deposite seu mel em mim 😳",
            "Author": "351903530161799178"
        },
        {
            "Cantada": "Só queria fazer com você aquilo que eu apago no histórico...",
            "Author": "545189821245685781"
        },
        {
            "Cantada": "Me aceita que vou te fuder mais do que o governo kkkkk😈",
            "Author": "545189821245685781"
        },
        {
            "Cantada": "Iludir? Aqui não vida kkk. Nois dá amor e carinho só vem bebê😎❤️",
            "Author": "545189821245685781"
        },
        {
            "Cantada": "me chama de todinho e vem colocar a boca no canudinho",
            "Author": "830226550116057149"
        },
        {
            "Cantada": "Quero casar com você como um pato. E ter você PATOda vida, quack🦆",
            "Author": "545189821245685781"
        },
        {
            "Cantada": "Não sou cafeína mas te deixo acordada a noite toda.",
            "Author": "545189821245685781"
        },
        {
            "Cantada": "Bora brincar de imã. Eu enconto o meu polo norte no seu polo sul.",
            "Author": "545189821245685781"
        },
        {
            "Cantada": "Não sou a Saphire mas respondo todos aos seus comandos🛐",
            "Author": "545189821245685781"
        },
        {
            "Cantada": "Sentiu isso? O amor que eu sinto por você?",
            "Author": "545189821245685781"
        },
        {
            "Cantada": "Não sou cadeira mas te deixo sentar em mim quantas vezes quiser.",
            "Author": "545189821245685781"
        },
        {
            "Cantada": "Não sou Itaú mas fui feito pra você.",
            "Author": "545189821245685781"
        },
        {
            "Cantada": "Virei caçador de pássaros, quer ver a minha rola?",
            "Author": "545189821245685781"
        },
        {
            "Cantada": "Me chama de hacker e deixa eu descriptografar esse seu coração bloqueado.",
            "Author": "545189821245685781"
        },
        {
            "Cantada": "Você não é droga mas tô viciado em você.",
            "Author": "545189821245685781"
        },
        {
            "Cantada": "Você não é droga mas me deixa brisado🤤🍃",
            "Author": "545189821245685781"
        },
        {
            "Cantada": "Você não é copo mas me dá água na boca 😋",
            "Author": "545189821245685781"
        },
        {
            "Cantada": "Você não é labirinto mas me deixa perdidinho.",
            "Author": "545189821245685781"
        },
        {
            "Cantada": "aproveita essa black friday e leva minha mae de sogra, pra vc é de graça rs",
            "Author": "737238491842347098"
        },
        {
            "Cantada": "é triste saber que nem a matemática sendo tão exata, pode calcular a imensidão do nosso amor",
            "Author": "351903530161799178"
        },
        {
            "Cantada": "Foi horrível estudar por 48h e descobrir que não há como expressar nosso amor pelo português",
            "Author": "351903530161799178"
        },
        {
            "Cantada": "Seu pai é padeiro? Porque você é um sonho.",
            "Author": "545189821245685781"
        },
        {
            "Cantada": "pra que ir na academia, se eu fazer agachamento em vc",
            "Author": "737238491842347098"
        },
        {
            "Cantada": "um dedo vc poe a aliança, já os outros..",
            "Author": "737238491842347098"
        },
        {
            "Cantada": "querido eu não sou religiosa, mas pra você eu ajoelhava\"",
            "Author": "737238491842347098"
        },
        {
            "Cantada": "Lindx, quem dá golpe é lutador, eu sou igual Rexona, nunca te abandona",
            "Author": "800022237071409194"
        },
        {
            "Cantada": "Desculpa eu ter me apaixonado por você, é que o Proerd não avisou que seu sorriso vicia",
            "Author": "800022237071409194"
        },
        {
            "Cantada": "Educado mesmo é o meu p@u, que levanta pra você sentar😏",
            "Author": "545189821245685781"
        },
        {
            "Cantada": "Desculpa eu ter me apaixonado por você, é que o Proerd não avisou que seu sorriso vicia",
            "Author": "800022237071409194"
        },
        {
            "Cantada": "Lindx, quem dá golpe é lutador, eu sou igual Rexona, nunca te abandona",
            "Author": "800022237071409194"
        },
        {
            "Cantada": "Meu amor por você é igual à obra do governo. Nunca acaba.",
            "Author": "838142008560058388"
        },
        {
            "Cantada": "se você fosse um kiwi eu te comeria 😏",
            "Author": "632343663241986058"
        },
        {
            "Cantada": "Você não é hentai mas me deixa de p@u duro.",
            "Author": "545189821245685781"
        },
        {
            "Cantada": "natal chegando e eu só queria como faz pavê, pavê vc me puxando pela cintura e me beijando",
            "Author": "737238491842347098"
        },
        {
            "Cantada": "Você é trap? Porque eu caí na armadilha do seu sorriso.",
            "Author": "545189821245685781"
        },
        {
            "Cantada": "agente junto é erro de gramatica, a gente separado é erro do destino",
            "Author": "757574492275867699"
        },
        {
            "Cantada": "vc não é sorvete mas quero de lamber inteira",
            "Author": "875112195858514050"
        },
        {
            "Cantada": "gata vc n é comida mas quero te comer",
            "Author": "838142008560058388"
        },
        {
            "Cantada": "parada você vai ser presa por roubar meu coração",
            "Author": "789946389664104478"
        },
        {
            "Cantada": "meu amor por você é igual os eps de one piece nunca acaba",
            "Author": "789946389664104478"
        },
        {
            "Cantada": "gata eu não sou homem aranha, mas com dois dedos te levo nas alturas rs",
            "Author": "737238491842347098"
        },
        {
            "Cantada": "Gata eu nao sou o homem aranha mas quero meter minha teia em vc",
            "Author": "838142008560058388"
        },
        {
            "Cantada": "gata vc não é super ídol, mais me deixa molhadinho..",
            "Author": "910175168289181746"
        },
        {
            "Cantada": "Gata vc não é cerveja mas estou tonto de amor por vc",
            "Author": "875112195858514050"
        },
        {
            "Cantada": "Gata eu nao sou carregador mas quero colocar minha entrada na sua rsrs",
            "Author": "838142008560058388"
        },
        {
            "Cantada": "sabe o quanto te amo? quando tiver de noite olha pro céu e conta as estrelas",
            "Author": "789946389664104478"
        },
        {
            "Cantada": "meu amor por você é igual céu e mar não tem fim",
            "Author": "789946389664104478"
        },
        {
            "Cantada": "se toda vez que eu fechasse os olhos eu te veria eu viveria de olhos fechados",
            "Author": "789946389664104478"
        },
        {
            "Cantada": "Se preto fosse paixão e branco fosse carinho, o que eu sinto por você seria xadrez",
            "Author": "789946389664104478"
        },
        {
            "Cantada": "O que eu sinto por você só pode ser motorista, porque passageiro não é",
            "Author": "789946389664104478"
        },
        {
            "Cantada": "Se você acredita em salvação, teria como você me salvar da solidão?",
            "Author": "789946389664104478"
        },
        {
            "Cantada": "maconha é planta. Droga mesmo é te ver mas não ter",
            "Author": "789946389664104478"
        },
        {
            "Cantada": "Por acaso seu pai é pirata? Porque você é um tesouro.",
            "Author": "789946389664104478"
        },
        {
            "Cantada": "Eu não sou Alice, mas, com você, me sinto no País das Maravilhas",
            "Author": "789946389664104478"
        },
        {
            "Cantada": "Me passa seu Twitter? É que a minha mãe falou para eu seguir o meu sonho",
            "Author": "789946389664104478"
        },
        {
            "Cantada": "vamos fazer assim eu te dou um beijo se gostar me da outro se n gostar me devolve",
            "Author": "789946389664104478"
        },
        {
            "Cantada": "me chama de sofá e pergunta onde tá o controle",
            "Author": "789946389664104478"
        },
        {
            "Cantada": "troquei de operadora agora meu plano é pegar você.",
            "Author": "737238491842347098"
        },
        {
            "Cantada": "Me chama de Nasa que te levo pra lua",
            "Author": "451619591320371213"
        },
        {
            "Cantada": "seu pai e padeiro, pq ele é um sonho",
            "Author": "718530000663478335"
        },
        {
            "Cantada": "gata vc não é medusa mais quando vi seus olhos eu congelei",
            "Author": "718530000663478335"
        },
        {
            "Cantada": "Gata meu pinto não é aspirador mais ele suga sua boca 😈",
            "Author": "718530000663478335"
        },
        {
            "Cantada": "gata eu não sou cavalo mais quero que vc calvague em mim",
            "Author": "718530000663478335"
        },
        {
            "Cantada": "Gata vc não é sono mas estou caidinho por vc",
            "Author": "875112195858514050"
        },
        {
            "Cantada": "como vc vai encontrar o amor da sua vida se só existe um de mim",
            "Author": "910175168289181746"
        },
        {
            "Cantada": "Você é o ovo que faltava na minha marmita",
            "Author": "656155552719831045"
        },
        {
            "Cantada": "voce nao é pao mas eu quero colocar minha salsicha em você❤️",
            "Author": "656155552719831045"
        },
        {
            "Cantada": "preciso dar um rumo na minha vida, mas só penso em dar pra vc",
            "Author": "737238491842347098"
        },
        {
            "Cantada": "Só queria que você fosse como eu, e eu como você 😔",
            "Author": "545189821245685781"
        },
        {
            "Cantada": "Você não é droga mas fiquei viciado🤤",
            "Author": "545189821245685781"
        },
        {
            "Cantada": "gata vc não é comida mais eu gastaria todo meu dinheiro em você",
            "Author": "718530000663478335"
        },
        {
            "Cantada": "comendo quiabo: 🤢🤢🤮🤢🤮🤮🤮🤢🤮\ncomendo seu rabo: 😍🥰🤩😘😍🥰😘😍😍",
            "Author": "656155552719831045"
        },
        {
            "Cantada": "Vem passar o dia aqui em casa, de dia vc come linguiça, de noite a linguiça te come.",
            "Author": "840793805233717258"
        },
        {
            "Cantada": "gata vc não é cama mais eu deitaria em cima de vc o dia todo",
            "Author": "718530000663478335"
        },
        {
            "Cantada": "Gata vose é refrigeranti? Pq soda.vose no meu corasao",
            "Author": "854801328478879814"
        },
        {
            "Cantada": "você come rato? pq vc é uma gatinha 😏🐀🔥",
            "Author": "656155552719831045"
        },
        {
            "Cantada": "Por acaso você vive dentro de um baú? Porque você é um tesouro",
            "Author": "545189821245685781"
        },
        {
            "Cantada": "gata vc é tão legal que eu te chamaria de free fire 2",
            "Author": "879792774977814599"
        },
        {
            "Cantada": "passei pelo fogo n me queimei, passei pela água n me molhei, passei por vc e me apaixonei",
            "Author": "757574492275867699"
        },
        {
            "Cantada": "gata eu sei que você eu muita areia pro meu caminhãozinho mais eu posso te levar em um saco de areia pra minha vida",
            "Author": "718530000663478335"
        },
        {
            "Cantada": "moana, eu sei q tem vaga no seu clan, mas e na sua vida? tem vaga pra mim?",
            "Author": "927708533636616272"
        },
        {
            "Cantada": "Seu nome não é Free Fire mas é a causadora da minha insônia",
            "Author": "480466269083271168"
        },
        {
            "Cantada": "gata vc não e comida mais eu te como mesmo assim",
            "Author": "718530000663478335"
        },
        {
            "Cantada": "Me chama de urna eletrônica e me dá seu voto de confiança.",
            "Author": "909706460609523764"
        },
        {
            "Cantada": "vamo assistir peppa pig e cada vez que aparecer um porco a gente se beijar <@507982841188057099>",
            "Author": "930227676717920287"
        },
        {
            "Cantada": "Voce não é McDonald's mas eu me acabo em você",
            "Author": "480466269083271168"
        },
        {
            "Cantada": "Eu não sou o Luciano Huck, mas eu quero você no meu lar doce lar!",
            "Author": "909706460609523764"
        },
        {
            "Cantada": "Um dia me perguntaram:\"O que você viu nela (nele)?\". Eu respondi: \"O que faltava em mim\".",
            "Author": "909706460609523764"
        },
        {
            "Cantada": "Você é um(a) mágico(a)? Porque toda vez que eu olho para você, o resto do mundo desaparece.",
            "Author": "909706460609523764"
        },
        {
            "Cantada": "Você não é meu pé mas me ajuda a levantar",
            "Author": "480466269083271168"
        },
        {
            "Cantada": "me chama de lagartixa e me taca na parede",
            "Author": "873980673558454323"
        },
        {
            "Cantada": "Você não é massagem cardíaca, mas toca e reanima o meu coração!",
            "Author": "909706460609523764"
        },
        {
            "Cantada": "Eu queria ser grego, mas grego eu não posso ser, porque grego tem várias deusas e minha única deusa é você.",
            "Author": "909706460609523764"
        },
        {
            "Cantada": "Que tudo na sua vida brilhe como seus olhos, seja maravilhoso como seu coração, e linda como você.",
            "Author": "909706460609523764"
        },
        {
            "Cantada": "me chama de mina terrestre e pisa em mim",
            "Author": "873980673558454323"
        },
        {
            "Cantada": "Aristóteles e Sócrates estavam filosofando, Sócrates vira pra Aristóteles e fala: po man a gente deveria por um significado pra perfeição, ai o Aristóteles fala: felp 😍😍😍😢👏 <@727262205665345619>",
            "Author": "771553344937656340"
        },
        {
            "Cantada": "Já imaginei como seria a nossa vida juntos muitas vezes, mas tenho certeza de que nem o mais louco dos sonhos iria se comparar com a realidade de ter você ao meu lado.",
            "Author": "737238491842347098"
        },
        {
            "Cantada": "Você não é despertador mas desperta a dor do meu peito de não ter você por perto :(",
            "Author": "545189821245685781"
        },
        {
            "Cantada": "Já pensou em se mudar? Tipo, morar lá dentro do meu coração??",
            "Author": "545189821245685781"
        },
        {
            "Cantada": "Se você fosse o mar eu me afogava em suas ondas",
            "Author": "545189821245685781"
        },
        {
            "Cantada": "Qual Xampu você usa? Tem o cheiro de amor da minha vida",
            "Author": "545189821245685781"
        },
        {
            "Cantada": "Você não é saco de arroz mas dava um tapão nesse teu rabo",
            "Author": "545189821245685781"
        },
        {
            "Cantada": "gata, eu nao sou bom na cozinha, mas seu cozinho ate eu como😋",
            "Author": "656155552719831045"
        },
        {
            "Cantada": "você não é Elizabeth, mas fez minha pressão cair.",
            "Author": "840793805233717258"
        },
        {
            "Cantada": "tu conhece a gi? a gigantesca vontade que tenho de beijar você rs",
            "Author": "737238491842347098"
        },
        {
            "Cantada": "gata vc e ácido sulfúrico? Por que queimou meu coração",
            "Author": "718530000663478335"
        },
        {
            "Cantada": "nem vem me chamar de bebê por que no final quem vai mamar é você",
            "Author": "480588343898537985"
        },
        {
            "Cantada": "eu prefiro maionese mas você kerkeeutchupe ?",
            "Author": "480588343898537985"
        },
        {
            "Cantada": "vem aki em casa jogar um videogame, mas com uma condição, você que vai ser o controle",
            "Author": "480588343898537985"
        },
        {
            "Cantada": "você não é apontador mas você me permite enfiar meu lápis em você?",
            "Author": "480588343898537985"
        },
        {
            "Cantada": "sua boca na minha, rola ?\n\nvocê que escolhe se é com vírgula ou sem",
            "Author": "480588343898537985"
        },
        {
            "Cantada": "prometo que vou cuidar se você, mesmo você não sabendo cuidar nem de mim, Te amo!",
            "Author": "480588343898537985"
        },
        {
            "Cantada": "o pavê eu já comi, mas e você vou comer quando?",
            "Author": "480588343898537985"
        },
        {
            "Cantada": "seu pai é padeiro?porque sua mãe é um sonho",
            "Author": "938108120402628668"
        },
        {
            "Cantada": "gata vc e cobertor? Por que quero que você fique por cima de mim 😈",
            "Author": "718530000663478335"
        },
        {
            "Cantada": "preciso estudar mitologia de novo, pq essa deusa nunca tinha visto",
            "Author": "840793805233717258"
        },
        {
            "Cantada": "sabe como descobrir se a pessoa gosta de vc? Só chegar nela e falar \"vc gosta de mim?\" Por que eu gosto",
            "Author": "718530000663478335"
        },
        {
            "Cantada": "gata tu e mexicana? Pq tu mexi cmg",
            "Author": "846924830824726541"
        },
        {
            "Cantada": "Você não é sinal vermelho mas hoje você 'tá' de parar o trânsito",
            "Author": "846924830824726541"
        },
        {
            "Cantada": "vc nasceu em outubro? Pq vc é 10/10 ,_,",
            "Author": "909600356332339211"
        },
        {
            "Cantada": "gata vc e de hogwarts? Por que fez minha varinha crescer",
            "Author": "718530000663478335"
        },
        {
            "Cantada": "gata eu não sou café mas te faço ficar acordada a noite toda",
            "Author": "785611632986161164"
        },
        {
            "Cantada": "vc pinta como eu pinto?",
            "Author": "909600356332339211"
        },
        {
            "Cantada": "gata seu pai e pedreiro? Pq ele sabe macetar bem",
            "Author": "846924830824726541"
        },
        {
            "Cantada": "você não é Elizabeth, mas fez minha pressão cair",
            "Author": "840793805233717258"
        },
        {
            "Cantada": "Tenho um colchão entra dois sai três, quer experimentar?",
            "Author": "545189821245685781"
        },
        {
            "Cantada": "eu não sou casas bahia, mas prometo dedicação total a você",
            "Author": "737238491842347098"
        },
        {
            "Cantada": "Me chame de unicórnio q eu te levo até o céu kkkj",
            "Author": "907457671886680094"
        },
        {
            "Cantada": "você é do mortal kombat? porque sua beleza me deu fatalitykkkkkkj",
            "Author": "656155552719831045"
        },
        {
            "Cantada": "Gosta de música? Pode deixar que toco uma pra você",
            "Author": "545189821245685781"
        },
        {
            "Cantada": "Entre Star Wars e Star Trek eu queria mesmo era star com você rs",
            "Author": "656155552719831045"
        },
        {
            "Cantada": "Não sou cadeira mas pode sentar em mim o dia todo",
            "Author": "545189821245685781"
        },
        {
            "Cantada": "Te convido a assistir netflix comigo na minha casa. Prós: não tem netfix. Contras: nenhum só vem bb",
            "Author": "545189821245685781"
        },
        {
            "Cantada": "Cama arrumada, TV ligada, Netflix paga, coberta... Só falta você pra completar.",
            "Author": "545189821245685781"
        },
        {
            "Cantada": "Você é como o google, tudo oque eu procuro, eu encontro em você.",
            "Author": "910869328637857852"
        },
        {
            "Cantada": "Gata, ultimamente eu tô fugindo dos problemas mais se o problema for você, eu vou até buscar",
            "Author": "862759709063905280"
        },
        {
            "Cantada": "Se o Amor fosse uma tabela periódica, você seria meu oxigênio, porque quando você está longe, eu não sei viver",
            "Author": "910869328637857852"
        },
        {
            "Cantada": "Você tem um mapa? Pq eu me perdi no brilho dos teus olhos.",
            "Author": "611006830411251714"
        },
        {
            "Cantada": "Gata, você é manicure? Então me diz como é que eu posso me livrar das garras desse amor gostoso.",
            "Author": "910869328637857852"
        },
        {
            "Cantada": "Oi, você é eletricista? Porque você iluminou o meu dia.",
            "Author": "910869328637857852"
        },
        {
            "Cantada": "Igual a você, nem o Google encontra",
            "Author": "910869328637857852"
        },
        {
            "Cantada": "Eu queria ser grego, mas grego não posso ser, porque grego tem várias deusas e a minha única deusa é você.",
            "Author": "910869328637857852"
        },
        {
            "Cantada": "Minha boca e o Sol, e a sua e a Lua, no eclipse do amor minha boca beija a tua.",
            "Author": "910869328637857852"
        },
        {
            "Cantada": "rosas são vermelhas, o leite vira queijo, queria saber quando a gente vai dar uns beijos",
            "Author": "910869328637857852"
        },
        {
            "Cantada": "Se as estrelas fossem tão lindas quanto você, eu passaria noites em claro olhando para o céu.",
            "Author": "910869328637857852"
        },
        {
            "Cantada": "Onde é que eu deixo meu currículo para concorrer a vaga de amor da sua vida?",
            "Author": "910869328637857852"
        },
        {
            "Cantada": "Tem um brigadeiro e um beijinho em cima da mesa, o brigadeiro rolou e caiu, e o beijinho, será que rola?",
            "Author": "910869328637857852"
        },
        {
            "Cantada": "eu não sou de exatas, mas sei que eu+você dá 69",
            "Author": "737238491842347098"
        },
        {
            "Cantada": "Desculpa, eu não sou daqui mas queria saber, onde fica a estrada que leva para o seu coração?",
            "Author": "910869328637857852"
        },
        {
            "Cantada": "Gata, eu não sou o pikachu, mas posso te dar um choque do rabão.",
            "Author": "930724576277700608"
        },
        {
            "Cantada": "É pecado desejar uma deusa igual a você?",
            "Author": "545189821245685781"
        },
        {
            "Cantada": "Gata Vc Nasceu em 10 de outubro? Pq é a 10/10",
            "Author": "907457671886680094"
        },
        {
            "Cantada": "gato não sou quebra-cabeça mas encaixo direitinho em vc",
            "Author": "862759709063905280"
        },
        {
            "Cantada": "Pandemia fechou tudo mas eu tô abertinho pra você",
            "Author": "656155552719831045"
        },
        {
            "Cantada": "se você sorrir, é com patati, se você quer beijar é só me chamar bebê, se você quiser sorrir e beijar vamos namorar",
            "Author": "656155552719831045"
        },
        {
            "Cantada": "Se você fosse cofrinho depositava todo o meu amor em você",
            "Author": "545189821245685781"
        },
        {
            "Cantada": "gata, você caiu do céu? Porque você parece cocô de pombo",
            "Author": "767203691576819763"
        },
        {
            "Cantada": "Se beleza fosse cryme, você pegaria prisão perpétua 😘",
            "Author": "656155552719831045"
        },
        {
            "Cantada": "Te amo tanto que pagaria 150k da Saphire pra casar com você. Muito caro",
            "Author": "545189821245685781"
        },
        {
            "Cantada": "Não sou o Mario mas te comeria atrás do armário",
            "Author": "545189821245685781"
        },
        {
            "Cantada": "Basicamente, eu odeio todo mundo, menos você.",
            "Author": "656155552719831045"
        },
        {
            "Cantada": "Gata, você não é uma Geladeira Eletrolux mas me deixa feliz",
            "Author": "860219303197671426"
        },
        {
            "Cantada": "Tenho 70 maneiras de te animar. A primeira é um grande abraço. E o resto é 69.",
            "Author": "545189821245685781"
        },
        {
            "Cantada": "Você não é sorvete, mas eu te chuparia todo dia",
            "Author": "451619591320371213"
        },
        {
            "Cantada": "voce não é arroz de mercado, mas vou te encher de tapa",
            "Author": "818582524518334476"
        },
        {
            "Cantada": "Você faz aula de canto? ent vamo ali no canto que te dou uma aula",
            "Author": "818582524518334476"
        },
        {
            "Cantada": "você não é sofá, mas eu sentava em você todo dia",
            "Author": "818582524518334476"
        },
        {
            "Cantada": "é aniversário de alguem? e esses dois balão gigante no seu peito?",
            "Author": "818582524518334476"
        },
        {
            "Cantada": "Voce é fazendeiro? Não? Então explica esse pepino na sua calça",
            "Author": "451619591320371213"
        },
        {
            "Cantada": "eu n sou pimenta mas qnd vc me ve eu fico toda(o/e) suada(o/e)",
            "Author": "885631845113413693"
        }
    ],
    "Sugest": {}
}