[
    {
        "name": "ouka",
        "image": "https://media.discordapp.net/attachments/977336446413328464/977337363929923594/unknown.png",
        "anime": ".hack//Dusk"
    },
    {
        "name": "kunisaki rena",
        "image": "https://cdn.discordapp.com/attachments/977336446413328464/977337606725587084/unknown.png",
        "anime": ".hack//Dusk"
    },
    {
        "name": "hotaru",
        "image": "https://cdn.discordapp.com/attachments/977336446413328464/977337733473251358/unknown.png",
        "anime": ".hack//Dusk"
    },
    {
        "name": "sanjuro",
        "image": "https://cdn.discordapp.com/attachments/977336446413328464/977337847830970448/unknown.png",
        "anime": ".hack//Dusk"
    },
    {
        "name": "mireille",
        "image": "https://cdn.discordapp.com/attachments/977336446413328464/977337963732160532/unknown.png",
        "anime": ".hack//Dusk"
    },
    {
        "name": "katsuyuki",
        "image": "https://cdn.discordapp.com/attachments/977336446413328464/977338377974190090/unknown.png",
        "anime": ".hack//Dusk"
    },
    {
        "name": "reki",
        "image": "https://cdn.discordapp.com/attachments/977336446413328464/977338521331318814/unknown.png",
        "anime": ".hack//Dusk"
    },
    {
        "name": "kunisaki shugo",
        "image": "https://cdn.discordapp.com/attachments/977336446413328464/977339843052970034/unknown.png",
        "anime": ".hack//Dusk"
    },
    {
        "name": "aura",
        "image": "https://cdn.discordapp.com/attachments/977336446413328464/977339906831560744/unknown.png",
        "anime": ".hack//Dusk"
    },
    {
        "name": "balmung",
        "image": "https://cdn.discordapp.com/attachments/977336446413328464/977339990969290752/unknown.png",
        "anime": ".hack//Dusk"
    },
    {
        "name": "daisuke",
        "image": "https://cdn.discordapp.com/attachments/977336446413328464/977340072464613437/unknown.png",
        "anime": ".hack//Dusk"
    },
    {
        "name": "hayato",
        "image": "https://cdn.discordapp.com/attachments/977336446413328464/977340148503183380/unknown.png",
        "anime": ".hack//Dusk"
    },
    {
        "name": "michi",
        "image": "https://cdn.discordapp.com/attachments/977336446413328464/977340442972655616/unknown.png",
        "anime": ".hack//Dusk"
    },
    {
        "name": "morti",
        "image": "https://cdn.discordapp.com/attachments/977336446413328464/977340572077522974/unknown.png",
        "anime": ".hack//Dusk"
    },
    {
        "name": "silver knight",
        "image": "https://cdn.discordapp.com/attachments/977336446413328464/977340807629643806/unknown.png",
        "anime": ".hack//Dusk"
    },
    {
        "name": "tom",
        "image": "https://cdn.discordapp.com/attachments/977336446413328464/977340867641761873/unknown.png",
        "anime": ".hack//Dusk"
    },
    {
        "name": "komiyan iii",
        "image": "https://cdn.discordapp.com/attachments/977336446413328464/977340220196388914/unknown.png",
        "anime": ".hack//Dusk"
    },
    {
        "name": "kamui",
        "image": "https://cdn.discordapp.com/attachments/977336446413328464/977340304048918559/unknown.png",
        "anime": ".hack//Dusk"
    },
    {
        "name": "magi",
        "image": "https://media.discordapp.net/attachments/977336446413328464/977340366804103178/unknown.png",
        "anime": ".hack//Dusk"
    },
    {
        "name": "yuki aihara",
        "image": "https://cdn.discordapp.com/attachments/977336529129209907/977341329514319902/unknown.png",
        "anime": ".hack//Liminality"
    },
    {
        "name": "mai minase",
        "image": "https://cdn.discordapp.com/attachments/977336529129209907/977341389954240542/unknown.png",
        "anime": ".hack//Liminality"
    },
    {
        "name": "junichiro tokuoka",
        "image": "https://cdn.discordapp.com/attachments/977336529129209907/977341444098514944/unknown.png",
        "anime": ".hack//Liminality"
    },
    {
        "name": "kyouko toono",
        "image": "https://cdn.discordapp.com/attachments/977336529129209907/977341506379722802/unknown.png",
        "anime": ".hack//Liminality"
    },
    {
        "name": "miho aihara",
        "image": "https://cdn.discordapp.com/attachments/977336529129209907/977341552944881714/unknown.png",
        "anime": ".hack//Liminality"
    },
    {
        "name": "kaoru asaba",
        "image": "https://cdn.discordapp.com/attachments/977336529129209907/977341970982780968/unknown.png",
        "anime": ".hack//Liminality"
    },
    {
        "name": "harald hoerwick",
        "image": "https://cdn.discordapp.com/attachments/977336529129209907/977342013299109928/unknown.png",
        "anime": ".hack//Liminality"
    },
    {
        "name": "tomonari kasumi",
        "image": "https://cdn.discordapp.com/attachments/977336529129209907/977342078604415026/unknown.png",
        "anime": ".hack//Liminality"
    },
    {
        "name": "masaya makino",
        "image": "https://cdn.discordapp.com/attachments/977336529129209907/977342119729594399/unknown.png",
        "anime": ".hack//Liminality"
    },
    {
        "name": "ichiro sato",
        "image": "https://cdn.discordapp.com/attachments/977336529129209907/977342165632036914/unknown.png",
        "anime": ".hack//Liminality"
    },
    {
        "name": "skeith",
        "image": "https://cdn.discordapp.com/attachments/977336529129209907/977342257361473536/unknown.png",
        "anime": ".hack//Liminality"
    },
    {
        "name": "sakuya",
        "image": "https://cdn.discordapp.com/attachments/977336593872470026/977342534571413564/unknown.png",
        "anime": ".hack//Quantum"
    },
    {
        "name": "mary",
        "image": "https://cdn.discordapp.com/attachments/977336593872470026/977342585746116618/unknown.png",
        "anime": ".hack//Quantum"
    },
    {
        "name": "hermit",
        "image": "https://cdn.discordapp.com/attachments/977336593872470026/977342642725728296/unknown.png",
        "anime": ".hack//Quantum"
    },
    {
        "name": "asta",
        "image": "https://cdn.discordapp.com/attachments/977336593872470026/977342771444715530/unknown.png",
        "anime": ".hack//Quantum"
    },
    {
        "name": "shamrock",
        "image": "https://cdn.discordapp.com/attachments/977336593872470026/977342825484156948/unknown.png",
        "anime": ".hack//Quantum"
    },
    {
        "name": "tobias",
        "image": "https://cdn.discordapp.com/attachments/977336593872470026/977342871868948540/unknown.png",
        "anime": ".hack//Quantum"
    },
    {
        "name": "tsukasa",
        "image": "https://cdn.discordapp.com/attachments/977336593872470026/977343023014871140/unknown.png",
        "anime": ".hack//Quantum"
    },
    {
        "name": "iyoten",
        "image": "https://cdn.discordapp.com/attachments/977336593872470026/977343064177782804/unknown.png",
        "anime": ".hack//Quantum"
    },
    {
        "name": "smith",
        "image": "https://cdn.discordapp.com/attachments/977336593872470026/977343145744408586/unknown.png",
        "anime": ".hack//Quantum"
    },
    {
        "name": "haseo",
        "image": "https://cdn.discordapp.com/attachments/977336652840194078/977343547068022844/unknown.png",
        "anime": ".hack//Roots"
    },
    {
        "name": "ovan",
        "image": "https://cdn.discordapp.com/attachments/977336652840194078/977343582337892352/unknown.png",
        "anime": ".hack//Roots"
    },
    {
        "name": "phyllo",
        "image": "https://cdn.discordapp.com/attachments/977336652840194078/977343621198147584/unknown.png",
        "anime": ".hack//Roots"
    },
    {
        "name": "shino",
        "image": "https://cdn.discordapp.com/attachments/977336652840194078/977343653389430804/unknown.png",
        "anime": ".hack//Roots"
    },
    {
        "name": "tabby",
        "image": "https://cdn.discordapp.com/attachments/977336652840194078/977343685031260190/unknown.png",
        "anime": ".hack//Roots"
    },
    {
        "name": "asta pk",
        "image": "https://cdn.discordapp.com/attachments/977336652840194078/977343874332782652/unknown.png",
        "anime": ".hack//Roots"
    },
    {
        "name": "azure kite",
        "image": "https://cdn.discordapp.com/attachments/977336652840194078/977343924282740777/unknown.png",
        "anime": ".hack//Roots"
    },
    {
        "name": "b-set",
        "image": "https://cdn.discordapp.com/attachments/977336652840194078/977343965256876032/unknown.png",
        "anime": ".hack//Roots"
    },
    {
        "name": "bordeaux",
        "image": "https://cdn.discordapp.com/attachments/977336652840194078/977344040121028638/unknown.png",
        "anime": ".hack//Roots"
    },
    {
        "name": "gaspard",
        "image": "https://cdn.discordapp.com/attachments/977336652840194078/977344111801671690/unknown.png",
        "anime": ".hack//Roots"
    },
    {
        "name": "gord",
        "image": "https://cdn.discordapp.com/attachments/977336652840194078/977344270220529674/unknown.png",
        "anime": ".hack//Roots"
    },
    {
        "name": "grein",
        "image": "https://cdn.discordapp.com/attachments/977336652840194078/977344306144755742/unknown.png",
        "anime": ".hack//Roots"
    },
    {
        "name": "harald",
        "image": "https://cdn.discordapp.com/attachments/977336652840194078/977344350180737054/unknown.png",
        "anime": ".hack//Roots"
    },
    {
        "name": "iyoten pk",
        "image": "https://cdn.discordapp.com/attachments/977336652840194078/977344395764453376/unknown.png",
        "anime": ".hack//Roots"
    },
    {
        "name": "ita",
        "image": "https://cdn.discordapp.com/attachments/977336652840194078/977344432955330570/unknown.png",
        "anime": ".hack//Roots"
    },
    {
        "name": "kashimiya",
        "image": "https://cdn.discordapp.com/attachments/977336652840194078/977344635955466300/unknown.png",
        "anime": ".hack//Roots"
    },
    {
        "name": "kuhn",
        "image": "https://cdn.discordapp.com/attachments/977336652840194078/977344673288949890/unknown.png",
        "anime": ".hack//Roots"
    },
    {
        "name": "midori",
        "image": "https://cdn.discordapp.com/attachments/977336652840194078/977344709758443520/unknown.png",
        "anime": ".hack//Roots"
    },
    {
        "name": "nasubi",
        "image": "https://cdn.discordapp.com/attachments/977336652840194078/977344746613776424/unknown.png",
        "anime": ".hack//Roots"
    },
    {
        "name": "ochi",
        "image": "https://cdn.discordapp.com/attachments/977336652840194078/977344775181180958/unknown.png",
        "anime": ".hack//Roots"
    },
    {
        "name": "pi",
        "image": "https://cdn.discordapp.com/attachments/977336652840194078/977344956924567552/unknown.png",
        "anime": ".hack//Roots"
    },
    {
        "name": "pilocchio",
        "image": "https://cdn.discordapp.com/attachments/977336652840194078/977345001371607091/unknown.png",
        "anime": ".hack//Roots"
    },
    {
        "name": "saburou",
        "image": "https://cdn.discordapp.com/attachments/977336652840194078/977345076655185940/unknown.png",
        "anime": ".hack//Roots"
    },
    {
        "name": "sakaki",
        "image": "https://cdn.discordapp.com/attachments/977336652840194078/977345103012175933/unknown.png",
        "anime": ".hack//Roots"
    },
    {
        "name": "sakisaka",
        "image": "https://cdn.discordapp.com/attachments/977336652840194078/977345304263295016/unknown.png",
        "anime": ".hack//Roots"
    },
    {
        "name": "seisaku",
        "image": "https://cdn.discordapp.com/attachments/977336652840194078/977345565325144084/unknown.png",
        "anime": ".hack//Roots"
    },
    {
        "name": "silabus",
        "image": "https://cdn.discordapp.com/attachments/977336652840194078/977345612527841291/unknown.png",
        "anime": ".hack//Roots"
    },
    {
        "name": "silver knight \"gin\"",
        "image": "https://cdn.discordapp.com/attachments/977336652840194078/977345648045195284/unknown.png",
        "anime": ".hack//Roots"
    },
    {
        "name": "taihaku",
        "image": "https://cdn.discordapp.com/attachments/977336652840194078/977345697420550154/unknown.png",
        "anime": ".hack//Roots"
    },
    {
        "name": "tawaraya",
        "image": "https://cdn.discordapp.com/attachments/977336652840194078/977345745394991135/unknown.png",
        "anime": ".hack//Roots"
    },
    {
        "name": "tohta",
        "image": "https://cdn.discordapp.com/attachments/977336652840194078/977345879805665350/unknown.png",
        "anime": ".hack//Roots"
    },
    {
        "name": "wool",
        "image": "https://cdn.discordapp.com/attachments/977336652840194078/977345919886434394/unknown.png",
        "anime": ".hack//Roots"
    },
    {
        "name": "yata",
        "image": "https://cdn.discordapp.com/attachments/977336652840194078/977345975863611392/unknown.png",
        "anime": ".hack//Roots"
    },
    {
        "name": "sora",
        "image": "https://cdn.discordapp.com/attachments/977336705088630865/977346460125380648/unknown.png",
        "anime": ".hack//Sing"
    },
    {
        "name": "ginkan",
        "image": "https://cdn.discordapp.com/attachments/977336705088630865/977346571215720479/unknown.png",
        "anime": ".hack//Sing"
    },
    {
        "name": "morganna mode gone",
        "image": "https://cdn.discordapp.com/attachments/977336705088630865/977346615004266586/unknown.png",
        "anime": ".hack//Sing"
    },
    {
        "name": "macha",
        "image": "https://cdn.discordapp.com/attachments/977336705088630865/977346684629708820/unknown.png",
        "anime": ".hack//Sing"
    },
    {
        "name": "kaochin",
        "image": "https://cdn.discordapp.com/attachments/977336705088630865/977346882986733568/unknown.png",
        "anime": ".hack//Sing"
    },
    {
        "name": "helba",
        "image": "https://cdn.discordapp.com/attachments/977336705088630865/977346949713891378/unknown.png",
        "anime": ".hack//Sing"
    },
    {
        "name": "crim",
        "image": "https://cdn.discordapp.com/attachments/977336705088630865/977346973793407076/unknown.png",
        "anime": ".hack//Sing"
    },
    {
        "name": "subaru",
        "image": "https://cdn.discordapp.com/attachments/977336705088630865/977347234968518706/unknown.png",
        "anime": ".hack//Sing"
    },
    {
        "name": "a-20",
        "image": "https://cdn.discordapp.com/attachments/977336705088630865/977347312517021696/unknown.png",
        "anime": ".hack//Sing"
    },
    {
        "name": "bt",
        "image": "https://cdn.discordapp.com/attachments/977336705088630865/977347393622249554/unknown.png",
        "anime": ".hack//Sing"
    },
    {
        "name": "hamiru",
        "image": "https://cdn.discordapp.com/attachments/977336705088630865/977347476443000852/unknown.png",
        "anime": ".hack//Sing"
    },
    {
        "name": "bear",
        "image": "https://cdn.discordapp.com/attachments/977336705088630865/977347543648329759/unknown.png",
        "anime": ".hack//Sing"
    },
    {
        "name": "the terror of death",
        "image": "https://cdn.discordapp.com/attachments/977336705088630865/977346523295793182/unknown.png",
        "anime": ".hack//Sing"
    },
    {
        "name": "genius german programm",
        "image": "https://cdn.discordapp.com/attachments/977336705088630865/977346916356612116/unknown.png",
        "anime": ".hack//Sing"
    },
    {
        "name": "knight of the azure sky",
        "image": "https://cdn.discordapp.com/attachments/977336705088630865/977347016352997416/unknown.png",
        "anime": ".hack//Sing"
    },
    {
        "name": "wavemaster",
        "image": "https://cdn.discordapp.com/attachments/977336705088630865/977347261367459880/unknown.png",
        "anime": ".hack//Sing"
    },
    {
        "name": "ultimate a.i.",
        "image": "https://cdn.discordapp.com/attachments/977336705088630865/977347337364074536/unknown.png",
        "anime": ".hack//Sing"
    },
    {
        "name": "mylene hoffman",
        "image": "https://cdn.discordapp.com/attachments/977336788685320212/977350207740203008/unknown.png",
        "anime": "009-1"
    },
    {
        "name": "loki",
        "image": "https://cdn.discordapp.com/attachments/977336788685320212/977350249469313024/unknown.png",
        "anime": "009-1"
    },
    {
        "name": "number zero",
        "image": "https://cdn.discordapp.com/attachments/977336788685320212/977350315563155496/unknown.png",
        "anime": "009-1"
    },
    {
        "name": "apollo",
        "image": "https://cdn.discordapp.com/attachments/977336788685320212/977350435792879666/unknown.png",
        "anime": "009-1"
    },
    {
        "name": "billy",
        "image": "https://cdn.discordapp.com/attachments/977336788685320212/977350491270967313/unknown.png",
        "anime": "009-1"
    },
    {
        "name": "borzov",
        "image": "https://cdn.discordapp.com/attachments/977336788685320212/977350557834575984/unknown.png",
        "anime": "009-1"
    },
    {
        "name": "mia connery",
        "image": "https://cdn.discordapp.com/attachments/977336788685320212/977350634850373632/unknown.png",
        "anime": "009-1"
    },
    {
        "name": "doctor green",
        "image": "https://cdn.discordapp.com/attachments/977336788685320212/977350707873218620/unknown.png",
        "anime": "009-1"
    },
    {
        "name": "double gomez",
        "image": "https://cdn.discordapp.com/attachments/977336788685320212/977350786906480660/unknown.png",
        "anime": "009-1"
    },
    {
        "name": "egg",
        "image": "https://cdn.discordapp.com/attachments/977336788685320212/977350835304529981/unknown.png",
        "anime": "009-1"
    },
    {
        "name": "freya",
        "image": "https://cdn.discordapp.com/attachments/977336788685320212/977350927801544754/unknown.png",
        "anime": "009-1"
    },
    {
        "name": "ivan godunov",
        "image": "https://cdn.discordapp.com/attachments/977336788685320212/977350983900336178/unknown.png",
        "anime": "009-1"
    },
    {
        "name": "vanessa ibert",
        "image": "https://cdn.discordapp.com/attachments/977336788685320212/977351077085196318/unknown.png",
        "anime": "009-1"
    },
    {
        "name": "ironhear",
        "image": "https://cdn.discordapp.com/attachments/977336788685320212/977351167833145345/unknown.png",
        "anime": "009-1"
    },
    {
        "name": "berta kastner",
        "image": "https://cdn.discordapp.com/attachments/977336788685320212/977351230420561940/unknown.png",
        "anime": "009-1"
    },
    {
        "name": "mars",
        "image": "https://cdn.discordapp.com/attachments/977336788685320212/977351346149810246/unknown.png",
        "anime": "009-1"
    },
    {
        "name": "mary.",
        "image": "https://cdn.discordapp.com/attachments/977336788685320212/977351388159942676/unknown.png",
        "anime": "009-1"
    },
    {
        "name": "odin",
        "image": "https://cdn.discordapp.com/attachments/977336788685320212/977351422184153108/unknown.png",
        "anime": "009-1"
    },
    {
        "name": "phantom",
        "image": "https://cdn.discordapp.com/attachments/977336788685320212/977351513515122698/unknown.png",
        "anime": "009-1"
    },
    {
        "name": "lyudmila schindler",
        "image": "https://cdn.discordapp.com/attachments/977336788685320212/977351578719756308/unknown.png",
        "anime": "009-1"
    },
    {
        "name": "doctor zond soyuz",
        "image": "https://cdn.discordapp.com/attachments/977336788685320212/977351635854577735/unknown.png",
        "anime": "009-1"
    },
    {
        "name": "ayanami",
        "image": "https://cdn.discordapp.com/attachments/977336822332031017/977352420306862151/unknown.png",
        "anime": "07-Ghost"
    },
    {
        "name": "castor",
        "image": "https://cdn.discordapp.com/attachments/977336822332031017/977352465039101982/unknown.png",
        "anime": "07-Ghost"
    },
    {
        "name": "frau",
        "image": "https://cdn.discordapp.com/attachments/977336822332031017/977352502641033256/unknown.png",
        "anime": "07-Ghost"
    },
    {
        "name": "teito klein",
        "image": "https://cdn.discordapp.com/attachments/977336822332031017/977352541681619035/unknown.png",
        "anime": "07-Ghost"
    },
    {
        "name": "labrador",
        "image": "https://cdn.discordapp.com/attachments/977336822332031017/977352614603800596/unknown.png",
        "anime": "07-Ghost"
    },
    {
        "name": "athena",
        "image": "https://cdn.discordapp.com/attachments/977336822332031017/977352658203574302/unknown.png",
        "anime": "07-Ghost"
    },
    {
        "name": "bastien",
        "image": "https://cdn.discordapp.com/attachments/977336822332031017/977352699915952128/unknown.png",
        "anime": "07-Ghost"
    },
    {
        "name": "burupya",
        "image": "https://cdn.discordapp.com/attachments/977336822332031017/977352761941319700/unknown.png",
        "anime": "07-Ghost"
    },
    {
        "name": "mikage celestine",
        "image": "https://cdn.discordapp.com/attachments/977336822332031017/977352905730437172/unknown.png",
        "anime": "07-Ghost"
    },
    {
        "name": "haruse",
        "image": "https://cdn.discordapp.com/attachments/977336822332031017/977352939716886583/unknown.png",
        "anime": "07-Ghost"
    },
    {
        "name": "hyuuga",
        "image": "https://cdn.discordapp.com/attachments/977336822332031017/977352972315009065/unknown.png",
        "anime": "07-Ghost"
    },
    {
        "name": "jio",
        "image": "https://cdn.discordapp.com/attachments/977336822332031017/977353007383601183/unknown.png",
        "anime": "07-Ghost"
    },
    {
        "name": "katsuragi",
        "image": "https://cdn.discordapp.com/attachments/977336822332031017/977353041864966154/unknown.png",
        "anime": "07-Ghost"
    },
    {
        "name": "fia kreuz",
        "image": "https://cdn.discordapp.com/attachments/977336822332031017/977353108072038420/unknown.png",
        "anime": "07-Ghost"
    },
    {
        "name": "kuroyuri",
        "image": "https://cdn.discordapp.com/attachments/977336822332031017/977353182688714802/unknown.png",
        "anime": "07-Ghost"
    },
    {
        "name": "lance",
        "image": "https://cdn.discordapp.com/attachments/977336822332031017/977353217333657601/unknown.png",
        "anime": "07-Ghost"
    },
    {
        "name": "liam",
        "image": "https://cdn.discordapp.com/attachments/977336822332031017/977353245699751936/unknown.png",
        "anime": "07-Ghost"
    },
    {
        "name": "libelle",
        "image": "https://cdn.discordapp.com/attachments/977336822332031017/977353296564060190/unknown.png",
        "anime": "07-Ghost"
    },
    {
        "name": "mikhail",
        "image": "https://cdn.discordapp.com/attachments/977336822332031017/977353352675487774/unknown.png",
        "anime": "07-Ghost"
    },
    {
        "name": "miroku",
        "image": "https://cdn.discordapp.com/attachments/977336822332031017/977353384472506418/unknown.png",
        "anime": "07-Ghost"
    },
    {
        "name": "hakuren oak",
        "image": "https://cdn.discordapp.com/attachments/977336822332031017/977353457067511838/unknown.png",
        "anime": "07-Ghost"
    },
    {
        "name": "shuuri oak",
        "image": "https://cdn.discordapp.com/attachments/977336822332031017/977353536646045746/unknown.png",
        "anime": "07-Ghost"
    },
    {
        "name": "ojiisan",
        "image": "https://cdn.discordapp.com/attachments/977336822332031017/977353703709364234/unknown.png",
        "anime": "07-Ghost"
    },
    {
        "name": "ouida",
        "image": "https://cdn.discordapp.com/attachments/977336822332031017/977353766984638514/unknown.png",
        "anime": "07-Ghost"
    },
    {
        "name": "weldeschtein krom raggs",
        "image": "https://cdn.discordapp.com/attachments/977336822332031017/977353833598566450/unknown.png",
        "anime": "07-Ghost"
    },
    {
        "name": "razette",
        "image": "https://cdn.discordapp.com/attachments/977336822332031017/977353882898399252/unknown.png",
        "anime": "07-Ghost"
    },
    {
        "name": "rosalie",
        "image": "https://cdn.discordapp.com/attachments/977336822332031017/977353944743432222/unknown.png",
        "anime": "07-Ghost"
    },
    {
        "name": "tajio",
        "image": "https://cdn.discordapp.com/attachments/977336822332031017/977353991912558622/unknown.png",
        "anime": "07-Ghost"
    },
    {
        "name": "konatsu warren",
        "image": "https://cdn.discordapp.com/attachments/977336822332031017/977354047965233172/unknown.png",
        "anime": "07-Ghost"
    },
    {
        "name": "rika nakamura",
        "image": "https://cdn.discordapp.com/attachments/977336854556835860/977349802545258556/unknown.png",
        "anime": "1+2=Paradise"
    },
    {
        "name": "yuka nakamura",
        "image": "https://cdn.discordapp.com/attachments/977336854556835860/977349850410676255/unknown.png",
        "anime": "1+2=Paradise"
    },
    {
        "name": "yuusuke yamamoto",
        "image": "https://cdn.discordapp.com/attachments/977336854556835860/977349908233338920/unknown.png",
        "anime": "1+2=Paradise"
    },
    {
        "name": "barako matsubishi",
        "image": "https://cdn.discordapp.com/attachments/977336854556835860/977349977468710932/unknown.png",
        "anime": "1+2=Paradise"
    },
    {
        "name": "lu shindo",
        "image": "https://cdn.discordapp.com/attachments/977336968457383966/977348161699979314/unknown.png",
        "anime": "100-man no Inochi no Ue ni Ore wa Tatte Iru"
    },
    {
        "name": "kusue hakozaki",
        "image": "https://cdn.discordapp.com/attachments/977336968457383966/977348213822586920/unknown.png",
        "anime": "100-man no Inochi no Ue ni Ore wa Tatte Iru"
    },
    {
        "name": "yuusuke yotsuya",
        "image": "https://cdn.discordapp.com/attachments/977336968457383966/977348283976536084/unknown.png",
        "anime": "100-man no Inochi no Ue ni Ore wa Tatte Iru"
    },
    {
        "name": "yuka tokitate",
        "image": "https://cdn.discordapp.com/attachments/977336968457383966/977348352633085982/unknown.png",
        "anime": "100-man no Inochi no Ue ni Ore wa Tatte Iru"
    },
    {
        "name": "demon lord lucifer",
        "image": "https://cdn.discordapp.com/attachments/977336968457383966/977348461148127242/unknown.png",
        "anime": "100-man no Inochi no Ue ni Ore wa Tatte Iru"
    },
    {
        "name": "fatina",
        "image": "https://cdn.discordapp.com/attachments/977336968457383966/977348540512747520/unknown.png",
        "anime": "100-man no Inochi no Ue ni Ore wa Tatte Iru"
    },
    {
        "name": "game master",
        "image": "https://cdn.discordapp.com/attachments/977336968457383966/977348639896764446/unknown.png",
        "anime": "100-man no Inochi no Ue ni Ore wa Tatte Iru"
    },
    {
        "name": "kahabell",
        "image": "https://cdn.discordapp.com/attachments/977336968457383966/977348703788613672/unknown.png",
        "anime": "100-man no Inochi no Ue ni Ore wa Tatte Iru"
    },
    {
        "name": "keita torii",
        "image": "https://cdn.discordapp.com/attachments/977336968457383966/977348783312609370/unknown.png",
        "anime": "100-man no Inochi no Ue ni Ore wa Tatte Iru"
    },
    {
        "name": "tsubasa",
        "image": "https://cdn.discordapp.com/attachments/977336968457383966/977348849586810960/unknown.png",
        "anime": "100-man no Inochi no Ue ni Ore wa Tatte Iru"
    },
    {
        "name": "village head",
        "image": "https://cdn.discordapp.com/attachments/977336968457383966/977348918314672179/unknown.png",
        "anime": "100-man no Inochi no Ue ni Ore wa Tatte Iru"
    },
    {
        "name": "aoyu",
        "image": "https://cdn.discordapp.com/attachments/977336968457383966/977349026183782450/unknown.png",
        "anime": "100-man no Inochi no Ue ni Ore wa Tatte Iru"
    },
    {
        "name": "cantil",
        "image": "https://cdn.discordapp.com/attachments/977336968457383966/977349083901612103/unknown.png",
        "anime": "100-man no Inochi no Ue ni Ore wa Tatte Iru"
    },
    {
        "name": "glenda carter",
        "image": "https://cdn.discordapp.com/attachments/977336968457383966/977349164952338472/unknown.png",
        "anime": "100-man no Inochi no Ue ni Ore wa Tatte Iru"
    },
    {
        "name": "iris",
        "image": "https://cdn.discordapp.com/attachments/977336968457383966/977349222078758932/unknown.png",
        "anime": "100-man no Inochi no Ue ni Ore wa Tatte Iru"
    },
    {
        "name": "jezby",
        "image": "https://cdn.discordapp.com/attachments/977336968457383966/977349281008713778/unknown.png",
        "anime": "100-man no Inochi no Ue ni Ore wa Tatte Iru"
    },
    {
        "name": "yana",
        "image": "https://cdn.discordapp.com/attachments/977336968457383966/977349358037127178/unknown.png",
        "anime": "100-man no Inochi no Ue ni Ore wa Tatte Iru"
    },
    {
        "name": "thanzamer",
        "image": "https://cdn.discordapp.com/attachments/977336968457383966/977349532092354620/unknown.png",
        "anime": "100-man no Inochi no Ue ni Ore wa Tatte Iru"
    },
    {
        "name": "yukiko hirohara",
        "image": "https://cdn.discordapp.com/attachments/977936699986411621/977938177618751558/unknown.png",
        "anime": "11eyes"
    },
    {
        "name": "misuzu kusakabe",
        "image": "https://cdn.discordapp.com/attachments/977936699986411621/977940522427621436/unknown.png",
        "anime": "11eyes"
    },
    {
        "name": "yuka minase",
        "image": "https://cdn.discordapp.com/attachments/977936699986411621/977940661280063498/unknown.png",
        "anime": "11eyes"
    },
    {
        "name": "kakeru satsuki",
        "image": "https://cdn.discordapp.com/attachments/977936699986411621/977940805920624701/unknown.png",
        "anime": "11eyes"
    },
    {
        "name": "kukuri tachibana",
        "image": "https://cdn.discordapp.com/attachments/977936699986411621/977940916423778414/unknown.png",
        "anime": "11eyes"
    },
    {
        "name": "takahisa tajima",
        "image": "https://cdn.discordapp.com/attachments/977936699986411621/977941074284798032/unknown.png",
        "anime": "11eyes"
    },
    {
        "name": "acedia",
        "image": "https://cdn.discordapp.com/attachments/977936699986411621/977941231059484682/unknown.png",
        "anime": "11eyes"
    },
    {
        "name": "saiko akamine",
        "image": "https://cdn.discordapp.com/attachments/977936699986411621/977941364450918460/unknown.png",
        "anime": "11eyes"
    },
    {
        "name": "avaritia",
        "image": "https://cdn.discordapp.com/attachments/977936699986411621/977941472504602664/unknown.png",
        "anime": "11eyes"
    },
    {
        "name": "gula",
        "image": "https://cdn.discordapp.com/attachments/977936699986411621/977941589097857075/unknown.png",
        "anime": "11eyes"
    },
    {
        "name": "invidia",
        "image": "https://cdn.discordapp.com/attachments/977936699986411621/977941690532900884/unknown.png",
        "anime": "11eyes"
    },
    {
        "name": "ira",
        "image": "https://cdn.discordapp.com/attachments/977936699986411621/977941801736495155/unknown.png",
        "anime": "11eyes"
    },
    {
        "name": "shiori momono",
        "image": "https://cdn.discordapp.com/attachments/977936699986411621/977941930367393883/unknown.png",
        "anime": "11eyes"
    },
    {
        "name": "kaori natsuki",
        "image": "https://cdn.discordapp.com/attachments/977936699986411621/977941996608049233/unknown.png",
        "anime": "11eyes"
    },
    {
        "name": "superbia",
        "image": "https://cdn.discordapp.com/attachments/977936699986411621/977942204351934464/unknown.png",
        "anime": "11eyes"
    },
    {
        "name": "tadashi teruya",
        "image": "https://cdn.discordapp.com/attachments/977936699986411621/977942310581059644/unknown.png",
        "anime": "11eyes"
    },
    {
        "name": "verard",
        "image": "https://cdn.discordapp.com/attachments/977936699986411621/977942425672769557/unknown.png",
        "anime": "11eyes"
    },
    {
        "name": "lisette weltall",
        "image": "https://cdn.discordapp.com/attachments/977936699986411621/977942586520109086/unknown.png",
        "anime": "11eyes"
    },
    {
        "name": "yui aoi",
        "image": "https://cdn.discordapp.com/attachments/977936833755361370/977944227700961410/unknown.png",
        "anime": "12-sai.: Chicchana Mune no Tokimeki"
    },
    {
        "name": "hanabi ayase",
        "image": "https://cdn.discordapp.com/attachments/977936833755361370/977944301256470640/unknown.png",
        "anime": "12-sai.: Chicchana Mune no Tokimeki"
    },
    {
        "name": "kazuma hiyama",
        "image": "https://cdn.discordapp.com/attachments/977936833755361370/977944357749534730/unknown.png",
        "anime": "12-sai.: Chicchana Mune no Tokimeki"
    },
    {
        "name": "yuuto takao",
        "image": "https://cdn.discordapp.com/attachments/977936833755361370/977944415417028721/unknown.png",
        "anime": "12-sai.: Chicchana Mune no Tokimeki"
    },
    {
        "name": "kokoa hamana",
        "image": "https://cdn.discordapp.com/attachments/977936833755361370/977944475651428432/unknown.png",
        "anime": "12-sai.: Chicchana Mune no Tokimeki"
    },
    {
        "name": "inaba mikami",
        "image": "https://cdn.discordapp.com/attachments/977936833755361370/977944555917807616/unknown.png",
        "anime": "12-sai.: Chicchana Mune no Tokimeki"
    },
    {
        "name": "marin ogura",
        "image": "https://cdn.discordapp.com/attachments/977936833755361370/977944617033023578/unknown.png",
        "anime": "12-sai.: Chicchana Mune no Tokimeki"
    },
    {
        "name": "ayumu tsutsumi",
        "image": "https://cdn.discordapp.com/attachments/977936833755361370/977944663136800809/unknown.png",
        "anime": "12-sai.: Chicchana Mune no Tokimeki"
    },
    {
        "name": "katsumi kanzaki",
        "image": "https://cdn.discordapp.com/attachments/977936881616556042/977946930338488340/unknown.png",
        "anime": "18if"
    },
    {
        "name": "lily",
        "image": "https://cdn.discordapp.com/attachments/977936881616556042/977946967739088986/unknown.png",
        "anime": "18if"
    },
    {
        "name": "haruto tsukishiro",
        "image": "https://cdn.discordapp.com/attachments/977936881616556042/977947010537750558/unknown.png",
        "anime": "18if"
    },
    {
        "name": "ehyeh",
        "image": "https://cdn.discordapp.com/attachments/977936881616556042/977947053252542464/unknown.png",
        "anime": "18if"
    },
    {
        "name": "eve",
        "image": "https://cdn.discordapp.com/attachments/977936881616556042/977947092318302228/unknown.png",
        "anime": "18if"
    },
    {
        "name": "mana hayashida",
        "image": "https://cdn.discordapp.com/attachments/977936881616556042/977947705420701796/unknown.png",
        "anime": "18if"
    },
    {
        "name": "natsuki kamikawa",
        "image": "https://cdn.discordapp.com/attachments/977936881616556042/977947741269393518/unknown.png",
        "anime": "18if"
    },
    {
        "name": "akito kaminaga",
        "image": "https://cdn.discordapp.com/attachments/977936881616556042/977947771808153681/unknown.png",
        "anime": "18if"
    },
    {
        "name": "yurina kanzaki",
        "image": "https://cdn.discordapp.com/attachments/977936881616556042/977947806004285460/unknown.png",
        "anime": "18if"
    },
    {
        "name": "airi kojima",
        "image": "https://cdn.discordapp.com/attachments/977936881616556042/977947840636665936/unknown.png",
        "anime": "18if"
    },
    {
        "name": "mari",
        "image": "https://cdn.discordapp.com/attachments/977936881616556042/977948299820691457/unknown.png",
        "anime": "18if"
    },
    {
        "name": "mirei mikami",
        "image": "https://cdn.discordapp.com/attachments/977936881616556042/977948339339411476/unknown.png",
        "anime": "18if"
    },
    {
        "name": "misaki",
        "image": "https://cdn.discordapp.com/attachments/977936881616556042/977948371186749520/unknown.png",
        "anime": "18if"
    },
    {
        "name": "nene",
        "image": "https://cdn.discordapp.com/attachments/977936881616556042/977948400525922324/unknown.png",
        "anime": "18if"
    },
    {
        "name": "yuuko sakurabe",
        "image": "https://cdn.discordapp.com/attachments/977936881616556042/977948444901650502/unknown.png",
        "anime": "18if"
    },
    {
        "name": "sono",
        "image": "https://cdn.discordapp.com/attachments/977936881616556042/977948903032897656/unknown.png",
        "anime": "18if"
    },
    {
        "name": "kayo sugisaki",
        "image": "https://cdn.discordapp.com/attachments/977936881616556042/977948951284154449/unknown.png",
        "anime": "18if"
    },
    {
        "name": "hanako sumitomo",
        "image": "https://cdn.discordapp.com/attachments/977936881616556042/977948987938209802/unknown.png",
        "anime": "18if"
    },
    {
        "name": "yuki",
        "image": "https://cdn.discordapp.com/attachments/977936881616556042/977949018623713340/unknown.png",
        "anime": "18if"
    },
    {
        "name": "aura",
        "image": "https://cdn.discordapp.com/attachments/977336593872470026/977587199631577128/unknown.png",
        "anime": ".hack//Quantum"
    },
    {
        "name": "misao aoki",
        "image": "https://cdn.discordapp.com/attachments/977937063167004692/977959682050248835/unknown.png",
        "anime": "2.43: Seiin Koukou Danshi Volley-bu"
    },
    {
        "name": "kimichika haijima",
        "image": "https://cdn.discordapp.com/attachments/977937063167004692/977959724907626556/unknown.png",
        "anime": "2.43: Seiin Koukou Danshi Volley-bu"
    },
    {
        "name": "akito kanno",
        "image": "https://cdn.discordapp.com/attachments/977937063167004692/977959821024305203/unknown.png",
        "anime": "2.43: Seiin Koukou Danshi Volley-bu"
    },
    {
        "name": "yuni kuroba",
        "image": "https://cdn.discordapp.com/attachments/977937063167004692/977959879388045382/unknown.png",
        "anime": "2.43: Seiin Koukou Danshi Volley-bu"
    },
    {
        "name": "shinichirou oda",
        "image": "https://cdn.discordapp.com/attachments/977937063167004692/977959916306313256/unknown.png",
        "anime": "2.43: Seiin Koukou Danshi Volley-bu"
    },
    {
        "name": "yuusuke ookuma",
        "image": "https://cdn.discordapp.com/attachments/977937063167004692/977960167503187998/unknown.png",
        "anime": "2.43: Seiin Koukou Danshi Volley-bu"
    },
    {
        "name": "issei asamatsu",
        "image": "https://cdn.discordapp.com/attachments/977937063167004692/977960207160340530/unknown.png",
        "anime": "2.43: Seiin Koukou Danshi Volley-bu"
    },
    {
        "name": "kazuma hokao",
        "image": "https://cdn.discordapp.com/attachments/977937063167004692/977960243189387364/unknown.png",
        "anime": "2.43: Seiin Koukou Danshi Volley-bu"
    },
    {
        "name": "ryuudai jinno",
        "image": "https://cdn.discordapp.com/attachments/977937063167004692/977960286583652382/unknown.png",
        "anime": "2.43: Seiin Koukou Danshi Volley-bu"
    },
    {
        "name": "tomoki kakegawa",
        "image": "https://cdn.discordapp.com/attachments/977937063167004692/977960332645531658/unknown.png",
        "anime": "2.43: Seiin Koukou Danshi Volley-bu"
    },
    {
        "name": "komukai",
        "image": "https://cdn.discordapp.com/attachments/977937063167004692/977960985790918666/unknown.png",
        "anime": "2.43: Seiin Koukou Danshi Volley-bu"
    },
    {
        "name": "itoko kuroba",
        "image": "https://cdn.discordapp.com/attachments/977937063167004692/977961062412455986/unknown.png",
        "anime": "2.43: Seiin Koukou Danshi Volley-bu"
    },
    {
        "name": "subaru mimura",
        "image": "https://cdn.discordapp.com/attachments/977937063167004692/977961102069616660/unknown.png",
        "anime": "2.43: Seiin Koukou Danshi Volley-bu"
    },
    {
        "name": "mitsuomi ochi",
        "image": "https://cdn.discordapp.com/attachments/977937063167004692/977961145581318154/unknown.png",
        "anime": "2.43: Seiin Koukou Danshi Volley-bu"
    },
    {
        "name": "yuuhi sawatari",
        "image": "https://cdn.discordapp.com/attachments/977937063167004692/977961182080168026/unknown.png",
        "anime": "2.43: Seiin Koukou Danshi Volley-bu"
    },
    {
        "name": "jungo takasugi",
        "image": "https://cdn.discordapp.com/attachments/977937063167004692/977961364993769482/unknown.png",
        "anime": "2.43: Seiin Koukou Danshi Volley-bu"
    },
    {
        "name": "kouhei tokura",
        "image": "https://cdn.discordapp.com/attachments/977937063167004692/977961415203762207/unknown.png",
        "anime": "2.43: Seiin Koukou Danshi Volley-bu"
    },
    {
        "name": "naoyasu uchimura",
        "image": "https://cdn.discordapp.com/attachments/977937063167004692/977961460636471356/unknown.png",
        "anime": "2.43: Seiin Koukou Danshi Volley-bu"
    },
    {
        "name": "keita yanome",
        "image": "https://cdn.discordapp.com/attachments/977937063167004692/977961494052499576/unknown.png",
        "anime": "2.43: Seiin Koukou Danshi Volley-bu"
    },
    {
        "name": "onsokumaru",
        "image": "https://cdn.discordapp.com/attachments/977937136483442709/977961984953843755/unknown.png",
        "anime": "2x2=Shinobuden"
    },
    {
        "name": "sasuke",
        "image": "https://cdn.discordapp.com/attachments/977937136483442709/977962030378135613/unknown.png",
        "anime": "2x2=Shinobuden"
    },
    {
        "name": "shinobu",
        "image": "https://cdn.discordapp.com/attachments/977937136483442709/977962069204819988/unknown.png",
        "anime": "2x2=Shinobuden"
    },
    {
        "name": "kaede shiranui",
        "image": "https://cdn.discordapp.com/attachments/977937136483442709/977962110472560640/unknown.png",
        "anime": "2x2=Shinobuden"
    },
    {
        "name": "devil",
        "image": "https://cdn.discordapp.com/attachments/977937136483442709/977962147969654814/unknown.png",
        "anime": "2x2=Shinobuden"
    },
    {
        "name": "izumi",
        "image": "https://cdn.discordapp.com/attachments/977937136483442709/977962211500765244/unknown.png",
        "anime": "2x2=Shinobuden"
    },
    {
        "name": "midori",
        "image": "https://cdn.discordapp.com/attachments/977937136483442709/977962376294981672/unknown.png",
        "anime": "2x2=Shinobuden"
    },
    {
        "name": "miyabi",
        "image": "https://cdn.discordapp.com/attachments/977937136483442709/977962414538637312/unknown.png",
        "anime": "2x2=Shinobuden"
    },
    {
        "name": "kaori shiranui",
        "image": "https://cdn.discordapp.com/attachments/977937136483442709/977962450806767616/unknown.png",
        "anime": "2x2=Shinobuden"
    },
    {
        "name": "sodom",
        "image": "https://cdn.discordapp.com/attachments/977937136483442709/977962480833822731/unknown.png",
        "anime": "2x2=Shinobuden"
    },
    {
        "name": "takeru",
        "image": "https://cdn.discordapp.com/attachments/977937136483442709/977962514832826458/unknown.png",
        "anime": "2x2=Shinobuden"
    },
    {
        "name": "sakutarou yanagihara",
        "image": "https://cdn.discordapp.com/attachments/977937216229769248/977970094682550392/unknown.png",
        "anime": "3-gatsu no Lion"
    },
    {
        "name": "junkei yamazaki",
        "image": "https://cdn.discordapp.com/attachments/977937216229769248/977970051313438810/unknown.png",
        "anime": "3-gatsu no Lion"
    },
    {
        "name": "toono",
        "image": "https://cdn.discordapp.com/attachments/977937216229769248/977970013506007050/unknown.png",
        "anime": "3-gatsu no Lion"
    },
    {
        "name": "megumi takagi",
        "image": "https://cdn.discordapp.com/attachments/977937216229769248/977969926985879623/unknown.png",
        "anime": "3-gatsu no Lion"
    },
    {
        "name": "takagi's mother",
        "image": "https://cdn.discordapp.com/attachments/977937216229769248/977969894945607710/unknown.png",
        "anime": "3-gatsu no Lion"
    },
    {
        "name": "gakuto sakurai",
        "image": "https://cdn.discordapp.com/attachments/977937216229769248/977969862708174890/unknown.png",
        "anime": "3-gatsu no Lion"
    },
    {
        "name": "chiho sakura",
        "image": "https://cdn.discordapp.com/attachments/977937216229769248/977969585229811792/unknown.png",
        "anime": "3-gatsu no Lion"
    },
    {
        "name": "kengo kumakura",
        "image": "https://cdn.discordapp.com/attachments/977937216229769248/977969536496177282/unknown.png",
        "anime": "3-gatsu no Lion"
    },
    {
        "name": "kokubu",
        "image": "https://cdn.discordapp.com/attachments/977937216229769248/977969485908688906/unknown.png",
        "anime": "3-gatsu no Lion"
    },
    {
        "name": "mikako kawamoto",
        "image": "https://cdn.discordapp.com/attachments/977937216229769248/977969428757098526/unknown.png",
        "anime": "3-gatsu no Lion"
    },
    {
        "name": "homeroom teacher",
        "image": "https://cdn.discordapp.com/attachments/977937216229769248/977969370397556806/unknown.png",
        "anime": "3-gatsu no Lion"
    },
    {
        "name": "subaru hachiya",
        "image": "https://cdn.discordapp.com/attachments/977937216229769248/977969331801575464/unknown.png",
        "anime": "3-gatsu no Lion"
    },
    {
        "name": "okuyasu yokomizo",
        "image": "https://cdn.discordapp.com/attachments/977937216229769248/977966337177575484/unknown.png",
        "anime": "3-gatsu no Lion"
    },
    {
        "name": "manabu yasui",
        "image": "https://cdn.discordapp.com/attachments/977937216229769248/977966308517879858/unknown.png",
        "anime": "3-gatsu no Lion"
    },
    {
        "name": "takeshi tsujii",
        "image": "https://cdn.discordapp.com/attachments/977937216229769248/977966271184371783/unknown.png",
        "anime": "3-gatsu no Lion"
    },
    {
        "name": "father takahashi",
        "image": "https://cdn.discordapp.com/attachments/977937216229769248/977966223654518844/unknown.png",
        "anime": "3-gatsu no Lion"
    },
    {
        "name": "yuusuke takahashi",
        "image": "https://cdn.discordapp.com/attachments/977937216229769248/977966140896727081/unknown.png",
        "anime": "3-gatsu no Lion"
    },
    {
        "name": "touji souya",
        "image": "https://cdn.discordapp.com/attachments/977937216229769248/977966051163791370/unknown.png",
        "anime": "3-gatsu no Lion"
    },
    {
        "name": "kai shimada",
        "image": "https://cdn.discordapp.com/attachments/977937216229769248/977966011603120228/unknown.png",
        "anime": "3-gatsu no Lion"
    },
    {
        "name": "morio shigeta",
        "image": "https://cdn.discordapp.com/attachments/977937216229769248/977965777716146266/unknown.png",
        "anime": "3-gatsu no Lion"
    },
    {
        "name": "rei's father",
        "image": "https://cdn.discordapp.com/attachments/977937216229769248/977965288484143194/unknown.png",
        "anime": "3-gatsu no Lion"
    },
    {
        "name": "eisaku noguchi",
        "image": "https://cdn.discordapp.com/attachments/977937216229769248/977964996065640518/unknown.png",
        "anime": "3-gatsu no Lion"
    },
    {
        "name": "harunobu nikaidou",
        "image": "https://cdn.discordapp.com/attachments/977937216229769248/977964945377460304/unknown.png",
        "anime": "3-gatsu no Lion"
    },
    {
        "name": "tatsuyuki misumi",
        "image": "https://cdn.discordapp.com/attachments/977937216229769248/977964911357493278/unknown.png",
        "anime": "3-gatsu no Lion"
    },
    {
        "name": "misaki",
        "image": "https://cdn.discordapp.com/attachments/977937216229769248/977964874388897802/unknown.png",
        "anime": "3-gatsu no Lion"
    },
    {
        "name": "shouichi matsunaga",
        "image": "https://cdn.discordapp.com/attachments/977937216229769248/977964845406253146/unknown.png",
        "anime": "3-gatsu no Lion"
    },
    {
        "name": "issa matsumoto",
        "image": "https://cdn.discordapp.com/attachments/977937216229769248/977964816331329536/unknown.png",
        "anime": "3-gatsu no Lion"
    },
    {
        "name": "mother kouda",
        "image": "https://cdn.discordapp.com/attachments/977937216229769248/977964765165011064/unknown.png",
        "anime": "3-gatsu no Lion"
    },
    {
        "name": "masachika kouda",
        "image": "https://cdn.discordapp.com/attachments/977937216229769248/977964380106936380/unknown.png",
        "anime": "3-gatsu no Lion"
    },
    {
        "name": "kyouko kouda",
        "image": "https://cdn.discordapp.com/attachments/977937216229769248/977964308543733791/unknown.png",
        "anime": "3-gatsu no Lion"
    },
    {
        "name": "ayumu kouda",
        "image": "https://cdn.discordapp.com/attachments/977937216229769248/977964266466471986/unknown.png",
        "anime": "3-gatsu no Lion"
    },
    {
        "name": "someji kawamoto",
        "image": "https://cdn.discordapp.com/attachments/977937216229769248/977964235550249000/unknown.png",
        "anime": "3-gatsu no Lion"
    },
    {
        "name": "takanori jinguuji",
        "image": "https://cdn.discordapp.com/attachments/977937216229769248/977964115236618321/unknown.png",
        "anime": "3-gatsu no Lion"
    },
    {
        "name": "izumida",
        "image": "https://cdn.discordapp.com/attachments/977937216229769248/977964077387231262/unknown.png",
        "anime": "3-gatsu no Lion"
    },
    {
        "name": "takashi hayashida",
        "image": "https://cdn.discordapp.com/attachments/977937216229769248/977964050648530984/unknown.png",
        "anime": "3-gatsu no Lion"
    },
    {
        "name": "hanaoka",
        "image": "https://cdn.discordapp.com/attachments/977937216229769248/977964014531387452/unknown.png",
        "anime": "3-gatsu no Lion"
    },
    {
        "name": "masamune gotou",
        "image": "https://cdn.discordapp.com/attachments/977937216229769248/977963958390632488/unknown.png",
        "anime": "3-gatsu no Lion"
    },
    {
        "name": "raidou fujimoto",
        "image": "https://cdn.discordapp.com/attachments/977937216229769248/977963919438135326/unknown.png",
        "anime": "3-gatsu no Lion"
    },
    {
        "name": "rei kiriyama",
        "image": "https://cdn.discordapp.com/attachments/977937216229769248/977962917469249618/unknown.png",
        "anime": "3-gatsu no Lion"
    },
    {
        "name": "momo kawamoto",
        "image": "https://cdn.discordapp.com/attachments/977937216229769248/977962882778169344/unknown.png",
        "anime": "3-gatsu no Lion"
    },
    {
        "name": "hinata kawamoto",
        "image": "https://cdn.discordapp.com/attachments/977937216229769248/977962849018196059/unknown.png",
        "anime": "3-gatsu no Lion"
    },
    {
        "name": "akari kawamoto",
        "image": "https://cdn.discordapp.com/attachments/977937216229769248/977962791585599538/unknown.png",
        "anime": "3-gatsu no Lion"
    }
]