{
    "OwnerCrow": "<:owner:883713515796459590>",
    "FightKirby": "<a:fighterkirby:898749792899989564>",
    "SaphireCry": "<:saphire_chorando:981009904699596821>",
    "Loading": "<a:loading:883148609040838698>",
    "Check": "<:check:889181556646768671>",
    "Deny": "<:deny:889181507854426113>",
    "Info": "<:info:883509103438229534>",
    "Warn": "<:warn:889181465521303583>",
    "Join": "<:discord_joined_new:888900020894597161>",
    "Leave": "<:blurple_leave:888900496809664542>",
    "Hmmm": "<:hmmm:883720324842135552>",
    "SadPanda": "<:SadPanda:883722175507488878>",
    "Cadeia": "<:Jail_pepe:889970595146649611>",
    "CatJump": "<a:cat_jump:883743481108000788>",
    "PatBear": "<a:Pat_bear:883739024525766676>",
    "NezukoDance": "<a:NezukoDance:883749385803026482>",
    "NezukoJump": "<a:nezuko_jump:883814909597614150>",
    "Itachi": "<:Akatsuki_Itachi:883825130474700840>",
    "ModShield": "<:ModShield:883750794350960650>",
    "Gear": "<a:gearz:883751196756692992>",
    "QuestionMark": "<:QuestionMark:883752676419076146>",
    "Bite": "<:bitting:889705968257093682>",
    "DarkDiamond": "<:darkdiamond:889931265527152661>",
    "Loud": "📢",
    "PatNezuko": "<a:NezukoPet:884112099343732798>",
    "BlueHeart": "<a:blueheart:884112275932315668>",
    "BitCoin": "<a:BitCoin:884134323316477952>",
    "CoolDoge": "<a:CoolDoge:884141190507798599>",
    "Deidara": "<:Akatsuki_Deidara:884206520374530048>",
    "Kirito": "<:kirito:884239383526531082>",
    "Nagatoro": "<:Nagatoro_Littleheart:884242684691247125>",
    "Afk": "<:afk_sign_bean:884264512860090368>",
    "Planet": "<a:planet:884270735399456850>",
    "Menhera": "<:menhera_chan_point:884288341959405638>",
    "PingEveryone": "<:PingEveryoneHere:886299596106637332>",
    "Pix": "<:pix:891810298154078258>",
    "Police": "🚓",
    "On": "<a:activ:889275636730961980>",
    "Off": "<a:off:889275288414982145>",
    "Verify": "<a:verify:884594251592269895>",
    "Upvote": "<:upvote:884630745405083668>",
    "DownVote": "<:downvote:884630684981919815>",
    "Report": "<:report:884958300851023872>",
    "Sirene": "<a:Sirenevermelha:884574992560427008>",
    "Star": "<:Star:885029034642247720>",
    "VipStar": "<:VipStar:890021040963592192>",
    "GrayStar": "<:graystar:890019069942710342>",
    "Like": "<a:like:890415175730089994>",
    "RedStar": "<a:estrela:885035098506924062>",
    "Pig": "<:googlepig:885213483627577355>",
    "Trig": "<a:triggeredparrot:885339417273847808>",
    "Translate": "<:TranslateIcon:885632894981255218>",
    "Drinking": "<a:drinking:981009919954268241>",
    "BongoScript": "<a:bongoscript:893007190636498984>",
    "Download": "<:CloudDownload:886057994171842560>",
    "GunLeft": "<:Gun_left:886446840818581566>",
    "GunRight": "<:Gun_right:886446884535795793>",
    "MaikaAngry": "<a:Maika_Angry:886473294981759037>",
    "PandaBag": "<:PandaBag:885045583348375574>",
    "PandaProfit": "<:PandaProfit:886720569662390292>",
    "Bells": "<:Bells:886721408837771387>",
    "HiNagatoro": "<:Nagatoro_WaveHello:887025558804889671>",
    "Commands": "<:commands_ugly:887026162314924162>",
    "Obs": "<:globiPoint:887028897386999849>",
    "Doguinho": "<a:Doguinho:887127957850693684>",
    "Fossil": "<:fossil:887129983498203176>",
    "Loli": "<:Noela_woah:887130463855067157>",
    "Aa": "<:aa:887157812948529174>",
    "NotStonks": "<:Reddit_stonksDOWN:981009896801706014>",
    "MoneyWings": "<a:MoneyWings:887372520343359578>",
    "SadPepe": "<:Sadge:887372470162690109>",
    "MoneyWithWings": "💸",
    "BagMoney": "💰",
    "FirePo": "<:FirePo:981009918905679942>",
    "Notification": "<a:Old_Sino:981009905668489340>",
    "LoliTimida": "<a:timida:879923502990385202>",
    "BookPages": "<a:840910510613463083:981009917236363264>",
    "Database": "<:Database:928130726438776883>",
    "Reference": "<:reference:930441697345830952>",
    "Taxa": "<:taxa:932355661713522738>",
    "SaphireTimida": "<:saphire_timida:981009908621275186>",
    "Admin": "<:admin:935708553950396447>",
    "Ram": "<:memoryram:936239809209438238>",
    "Mercadopago": "<:mercadopago:936239848472342530>",
    "Picpay": "<:picpay:936240807202132038>",
    "PepeRich": "<:saphire_rica:981009911477600286>",
    "gain": "<:gain:940427140447502407>",
    "loss": "<:loss:940427139478618174>",
    "PlanetServer": "🌐",
    "Coin": "<:safira:981009902644367371>",
    "boxes": "<:boxes:935500704985010196>",
    "SaphireDie": "<:saphire_morrida:981009903369998377>",
    "yay": "<:gtcYay:981009909871153162>",
    "duvida": "<:saphire_duvida:981009915491520572>",
    "ticketRifa": "🎟️",
    "data": "<:Data:928132836425338901>",
    "raspadinha": "<:raspadinha:974099545501888523>",
    "blueTada": "<:blueTada:975415071612223498>",
    "catBan": "<:cat_ban:975518365647011910>",
    "bigbrain": "<:bigbrain:930818109047205941>",
    "Stonks": "<:saphstonks:976483813796503562>",
    "dogecoin": "<a:dogecoin:978282824501174344>",
    "miku": "<:miku:978462827478151228>",
    "MikuWinBet": "<a:mikuvv:978468612438384660>",
    "MikuLoseBet": "<:miku:978468360448802876>",
    "MikuDefault": "<a:miku_xd:978468239086616597>",
    "eagora": "<:eagora:978473574211932180>",
    "antlink": "<:Link_Red:978497401738379317>",
    "SaphireWhat": "<:saphire_titi:981009901398679593>",
    "SaphireRaiva": "<:saphire_raiva:981009926031810580>",
    "SaphireRaivaFogo": "<a:a_angrys:937534385777954926>",
    "SaphireComoAssim": "<:saphire_observa:939669414784172102>",
    "SaphireUi": "<:saphire_apaixonada:938088137375223898>",
    "SaphireEntaoKkk": "<:saphire_curiosa:981009909321695252>",
    "SaphireObs": "<:saphire_gatinha:981009896067694632>",
    "BagMoney2": "💰",
    "SaphireCoberta": "<:saphire_coberta:979111435814711297>",
    "pikachuRunning": "<a:running_pikachu:979193158934085662>",
    "pikachuInBrush": "<:pikachu_lurk:979193889657339974>",
    "pikachuLose": "<a:pikachu_lose:979196427399999518>",
    "pikachuJump": "<a:pikachujump:979197712966758420>",
    "pikachuChallanger": "<:pikachuchallenge:979199395029483560>",
    "Trash": "<:SoundsWorldTrash:980511210028015617>",
    "Corno": "🐂",
    "ballonChat": "<:Chat:980304514357817394>",
    "SaphireLove": "<:saphire_timida:981009908621275186>",
    "Tada": "<:blueTada:975415071612223498>",
    "SaphireQ": "<:saphire_duvida:981009915491520572>",
    "PepePreso": "<a:aPES_Prison:914125087957979147>",
    "ReminderBook": "<:foxnote:981020874780078162>",
    "CoroaDourada": "<a:YellowCrown:981021245489434654>",
    "GadoDemais": "<a:Y2_GADO_:937562078955327529>",
    "Boost": "<a:boost:981022657816461322>",
    "CoroaDePrata": "<a:PlatineCrow:937562085712330833>",
    "thirdcrown": "<a:BrownCrown:981023070229762160>",
    "SaphireOk": "<:saphire_ok:981009921913024522>",
    "SaphireFeliz": "<:saphire_timida:981009908621275186>",
    "bug": "<:bug:981351064701902949>",
    "SaphireHi": "<:saphire_pipoca:981009898336813156>",
    "boost": "<a:boost:981022657816461322>",
    "instagram": "<:BlurpleInstagram:985560390215794718>",
    "pat": "<a:S_ztpat:981024852414697512>",
    "logomarca": "<:logomarca:994772278430670968>",
    "topgg": "<:topgg:996023309042991236>",
    "saphireLendo": "<:saphire_lendo:998270988225609789>",
    "saphirePolicial": "<:saphire_policial:1004052771584098334>",
    "saphireOlhadinha": "<:saphire_olhadinha:999409931583246417>",
    "WordleGameRaw": "<:WordleGameRaw:1003841652647014480>",
    "qrcode": "<:qrcode:1006007367982403624>",
    "a": "<:a:1004215081728495636>",
    "b": "<:b:1004215083095818240>",
    "c": "<:c:1004215084572213419>",
    "d": "<:d:1004215086170263623>",
    "e": "<:e:1004215111436734515>",
    "f": "<:f:1004215089609572423>",
    "g": "<:g:1004215099235508334>",
    "h": "<:h:1004215092189069333>",
    "i": "<:i:1004215093271207987>",
    "j": "<:j:1004215094961520640>",
    "k": "<:k:1004215096081383498>",
    "l": "<:l:1004215109649977457>",
    "m": "<:m:1004215101043249162>",
    "n": "<:n:1004215090867863673>",
    "o": "<:o:1004215102347686060>",
    "p": "<:p:1004215115819790447>",
    "q": "<:q:1004215105346621490>",
    "r": "<:r:1004215106957234297>",
    "s": "<:s:1004215087847985212>",
    "t": "<:t:1004215097989804032>",
    "u": "<:u:1004215108580409364>",
    "v": "<:v:1004215112900558848>",
    "w": "<:w:1004215879648677899>",
    "x": "<:x:1004215114376957992>",
    "y": "<:y:1004215117245857893>",
    "z": "<:z:1004215103836663921>",
    "A": "<:a:1004225741724061836>",
    "B": "<:b:1004225739450753025>",
    "C": "<:c:1004225738087608320>",
    "D": "<:d:1004225736191791146>",
    "E": "<:e:1004225734337904640>",
    "F": "<:f:1004225732278485046>",
    "G": "<:g:1004225730768535662>",
    "H": "<:h:1004225728654618664>",
    "I": "<:i:1004225726901395497>",
    "J": "<:j:1004225725236252743>",
    "K": "<:k:1004226609504600145>",
    "L": "<:l:1004225700657639525>",
    "M": "<:m:1004225702196949013>",
    "N": "<:n:1004225704029847613>",
    "O": "<:o:1004225705896312892>",
    "P": "<:p:1004225708014436423>",
    "Q": "<:q:1004225709637648496>",
    "R": "<:r:1004225711298576444>",
    "S": "<:s:1004225712997269524>",
    "T": "<:t:1004225714305896529>",
    "U": "<:u:1004225716457574440>",
    "V": "<:v:1004225717921394739>",
    "W": "<:w:1004225719779475506>",
    "X": "<:x:1004225721645940817>",
    "Y": "<:y:1004225723122335754>",
    "Z": "<:z:1004226612033753090>",
    "+a": "<:a:1004233080413888592>",
    "+b": "<:b:1004233078681636984>",
    "+c": "<:c:1004233076676755456>",
    "+d": "<:d:1004233075024207972>",
    "+e": "<:e:1004233073203871876>",
    "+f": "<:f:1004233071807172659>",
    "+g": "<:g:1004233070037172314>",
    "+h": "<:h:1004233068342681652>",
    "+i": "<:i:1004233066501374083>",
    "+j": "<:j:1004233064857210970>",
    "+k": "<:k:1004233063351468112>",
    "+l": "<:l:1004233061539516437>",
    "+m": "<:m:1004233060243472525>",
    "+n": "<:n:1004233058926465105>",
    "+o": "<:o:1004233057345216552>",
    "+p": "<:p:1004233055776546826>",
    "+q": "<:q:1004233054103031888>",
    "+r": "<:r:1004233052165247096>",
    "+s": "<:s:1004233050600788018>",
    "+t": "<:t:1004233048386183209>",
    "+u": "<:u:1004233046855266395>",
    "+v": "<:v:1004233044762308710>",
    "+w": "<:w:1004233088752160870>",
    "+x": "<:x:1004233085719674992>",
    "+y": "<:y:1004233084339765248>",
    "+z": "<:z:1004233082062254174>"
}