{
    "Chorar": [
        "https://imgur.com/I18iVJC.gif",
        "https://imgur.com/CwUSjuy.gif",
        "https://imgur.com/xsyIxxf.gif",
        "https://imgur.com/7Yffi3x.gif",
        "https://imgur.com/pls8egF.gif",
        "https://imgur.com/UjIb9DT.gif",
        "https://imgur.com/PcU00J4.gif",
        "https://imgur.com/Dm6n95I.gif",
        "https://imgur.com/KZtIoTd.gif",
        "https://imgur.com/oy1x3vY.gif",
        "https://imgur.com/x6y0F3A.gif"
    ],
    "Atirar": [
        "https://imgur.com/t7z3ahp.gif",
        "https://imgur.com/NYLxoNs.gif",
        "https://imgur.com/iRh8iXc.gif",
        "https://imgur.com/cdW9wbV.gif",
        "https://imgur.com/0UDpkEr.gif",
        "https://imgur.com/7mk656G.gif",
        "https://imgur.com/z9m6vfN.gif",
        "https://imgur.com/dEjgdqD.gif",
        "https://imgur.com/iuCM9BD.gif"
    ],
    "Baka": [
        "https://imgur.com/RMxwAN7.gif",
        "https://imgur.com/I6bM3F2.gif",
        "https://imgur.com/7AN8gxW.gif",
        "https://imgur.com/JYAnfnN.gif",
        "https://imgur.com/zVyWqbV.gif",
        "https://imgur.com/xQogwUe.gif",
        "https://imgur.com/1mtbsEI.gif"
    ],
    "Ship": [
        "https://imgur.com/zZLdONH.gif",
        "https://imgur.com/jx3VwoC.gif",
        "https://imgur.com/LOFGlt5.gif"
    ],
    "Birra": [
        "https://imgur.com/IWcnsVz.gif",
        "https://imgur.com/ykbbyeG.gif",
        "https://imgur.com/DvXtkrp.gif",
        "https://imgur.com/kZMw9e4.gif",
        "https://imgur.com/i7EekNZ.gif",
        "https://imgur.com/WSnxFkU.gif",
        "https://imgur.com/s2DQLD8.gif",
        "https://imgur.com/vTkab7F.gif",
        "https://imgur.com/C4qS1qo.gif",
        "https://imgur.com/gI9MghR.gif",
        "https://imgur.com/paJ4r0p.gif",
        "https://imgur.com/573Tfb5.gif",
        "https://imgur.com/WzrDVfM.gif",
        "https://imgur.com/Y64wzy2.gif",
        "https://imgur.com/GRiBslM.gif",
        "https://imgur.com/F0SU5zn.gif",
        "https://imgur.com/ohWzmna.gif",
        "https://imgur.com/rVtUmUB.gif",
        "https://imgur.com/LLeYBYJ.gif",
        "https://imgur.com/LolnknH.gif",
        "https://imgur.com/YFf97jp.gif",
        "https://imgur.com/UQzU1kl.gif"
    ],
    "Chateado": [
        "https://imgur.com/Gkel36E.gif",
        "https://imgur.com/BVSgNuq.gif",
        "https://imgur.com/XohOnWv.gif",
        "https://imgur.com/d8QQgnf.gif",
        "https://imgur.com/HYpSxgw.gif",
        "https://imgur.com/k51u431.gif",
        "https://imgur.com/SHtdL4s.gif",
        "https://imgur.com/YQz7bUL.gif",
        "https://imgur.com/xjxB8bx.gif",
        "https://imgur.com/hBHsV3N.gif",
        "https://imgur.com/RhpBfgg.gif"
    ],
    "Palmas": [
        "https://imgur.com/LVVGS8f.gif",
        "https://imgur.com/1gfMJ0g.gif",
        "https://imgur.com/5Bd9CSP.gif",
        "https://imgur.com/5Bd9CSP.gif",
        "https://imgur.com/2W8WpVO.gif",
        "https://imgur.com/trGqji4.gif",
        "https://imgur.com/cAROAx9.gif",
        "https://imgur.com/q4HSdKN.gif",
        "https://imgur.com/75hPNpP.gif",
        "https://imgur.com/TLu9P1c.gif",
        "https://imgur.com/KYqsOsT.gif"
    ],
    "Correr": [
        "https://imgur.com/jrO1GMM.gif",
        "https://imgur.com/ZF54zRf.gif",
        "https://imgur.com/FMNN1vP.gif",
        "https://imgur.com/uc73pUM.gif",
        "https://imgur.com/f2G4KhW.gif",
        "https://imgur.com/e0Tm73Q.gif",
        "https://imgur.com/FvWMFlD.gif",
        "https://imgur.com/JMVc5eV.gif",
        "https://imgur.com/LAzrCjl.gif",
        "https://imgur.com/oy1x3vY.gif",
        "https://imgur.com/cnLaDCn.gif",
        "https://imgur.com/CcMdWIc.gif",
        "https://imgur.com/8T1FTVM.gif",
        "https://imgur.com/pOfg9ft.gif",
        "https://imgur.com/N1AZcwM.gif",
        "https://imgur.com/HeSF9vn.gif",
        "https://imgur.com/zu7cYC4.gif",
        "https://imgur.com/PPZUzjw.gif",
        "https://imgur.com/U6jsYVe.gif",
        "https://imgur.com/BG19Hck.gif",
        "https://imgur.com/kSnwKa3.gif",
        "https://imgur.com/hcDbowm.gif",
        "https://imgur.com/ZxCCx18.gif"
    ],
    "Dance": [
        "https://imgur.com/ysAPqlq.gif",
        "https://imgur.com/RiGAeVi.gif",
        "https://imgur.com/u22MvjV.gif",
        "https://imgur.com/sApDtmL.gif",
        "https://imgur.com/SaWl9WZ.gif",
        "https://imgur.com/IBemNsf.gif",
        "https://imgur.com/IYERy6u.gif",
        "https://imgur.com/KrwTEcA.gif",
        "https://imgur.com/eKnsdcY.gif",
        "https://imgur.com/VRGyeYO.gif",
        "https://imgur.com/wt3RiFP.gif",
        "https://imgur.com/3ejDAKF.gif",
        "https://imgur.com/QRuxGIo.gif",
        "https://imgur.com/RaF6UGK.gif",
        "https://imgur.com/fevJuY7.gif",
        "https://imgur.com/7xsA4aN.gif",
        "https://imgur.com/ctLc73q.gif"
    ],
    "Deboche": [
        "https://imgur.com/8ee59mw.gif"
    ],
    "Morrer": [
        "https://imgur.com/qw96vPH.gif",
        "https://imgur.com/crBAhdS.gif"
    ],
    "Soco": [
        "https://imgur.com/kcDfBMj.gif",
        "https://imgur.com/Sk9BJWZ.gif",
        "https://imgur.com/YRqxOO2.gif",
        "https://imgur.com/LU2k2jC.gif",
        "https://imgur.com/Um5vE45.gif",
        "https://imgur.com/s5ZAbLi.gif",
        "https://imgur.com/t82sPko.gif",
        "https://imgur.com/9jCQNRf.gif",
        "https://imgur.com/jkUZ2kW.gif"
    ],
    "Onegai": [
        "https://imgur.com/qERXcxZ.gif",
        "https://imgur.com/z8FmWuo.gif",
        "https://imgur.com/uzT4CTC.gif",
        "https://imgur.com/C4Lcets.gif",
        "https://imgur.com/UlMJxJP.gif",
        "https://imgur.com/osm4itQ.gif"
    ],
    "Dormir": [
        "https://imgur.com/SoJBcCw.gif",
        "https://imgur.com/DauWpF7.gif",
        "https://imgur.com/9crVq2u.gif",
        "https://imgur.com/RC6pnby.gif",
        "https://imgur.com/DmTrFZ7.gif",
        "https://imgur.com/wrSx1MX.gif",
        "https://imgur.com/HlsCuYa.gif",
        "https://imgur.com/F5m5j3q.gif",
        "https://imgur.com/iaCxziw.gif",
        "https://imgur.com/FNHo9Ar.gif"
    ],
    "Drama": [
        "https://imgur.com/IWcnsVz.gif",
        "https://imgur.com/ykbbyeG.gif",
        "https://imgur.com/DvXtkrp.gif",
        "https://imgur.com/kZMw9e4.gif",
        "https://imgur.com/i7EekNZ.gif",
        "https://imgur.com/WSnxFkU.gif",
        "https://imgur.com/s2DQLD8.gif",
        "https://imgur.com/vTkab7F.gif",
        "https://imgur.com/C4qS1qo.gif",
        "https://imgur.com/gI9MghR.gif",
        "https://imgur.com/paJ4r0p.gif",
        "https://imgur.com/573Tfb5.gif",
        "https://imgur.com/WzrDVfM.gif",
        "https://imgur.com/Y64wzy2.gif",
        "https://imgur.com/GRiBslM.gif",
        "https://imgur.com/F0SU5zn.gif",
        "https://imgur.com/ohWzmna.gif",
        "https://imgur.com/rVtUmUB.gif",
        "https://imgur.com/LLeYBYJ.gif",
        "https://imgur.com/LolnknH.gif",
        "https://imgur.com/YFf97jp.gif",
        "https://imgur.com/UQzU1kl.gif"
    ],
    "Risada": [
        "https://imgur.com/vWefPeq.gif",
        "https://imgur.com/eyP7fdy.gif",
        "https://imgur.com/QwkU36H.gif",
        "https://imgur.com/1OGayCA.gif",
        "https://imgur.com/M1bhUTr.gif",
        "https://imgur.com/wkG8DQP.gif",
        "https://imgur.com/YsPeGCr.gif",
        "https://imgur.com/aoDtLiN.gif"
    ],
    "Facepalm": [
        "https://imgur.com/9zEHFOj.gif",
        "https://imgur.com/Q24PF7s.gif",
        "https://imgur.com/EZgl4vG.gif",
        "https://imgur.com/RxvSNe9.gif",
        "https://imgur.com/pHfHAPd.gif",
        "https://imgur.com/VJzBq0F.gif",
        "https://imgur.com/4N1aXJO.gif",
        "https://imgur.com/GVUNzI8.gif",
        "https://imgur.com/sD5Mlya.gif",
        "https://imgur.com/rZkPeYR.gif"
    ],
    "Happy": [
        "https://imgur.com/3QM8YxZ.gif",
        "https://imgur.com/qNyHmLB.gif",
        "https://imgur.com/FFrPSGw.gif",
        "https://imgur.com/RG0Pt1t.gif",
        "https://imgur.com/f5qMc9B.gif",
        "https://imgur.com/kQJKYVC.gif",
        "https://imgur.com/AjzQFgA.gif",
        "https://imgur.com/dbMwiBU.gif",
        "https://imgur.com/QlmZnsu.gif",
        "https://imgur.com/5AKQMbC.gif",
        "https://imgur.com/QuLO5oW.gif"
    ],
    "Fury": [
        "https://imgur.com/mYdWlN7.gif",
        "https://imgur.com/U87JuNA.gif",
        "https://imgur.com/NJ6VGf7.gif",
        "https://imgur.com/mFS7UAy.gif",
        "https://imgur.com/CDY7wsT.gif",
        "https://imgur.com/70EPhLu.gif",
        "https://imgur.com/nrHXQoE.gif"
    ],
    "Raiva": [
        "https://imgur.com/zo4Tkvo.gif",
        "https://imgur.com/tzceUKQ.gif",
        "https://imgur.com/pG8q63o.gif",
        "https://imgur.com/YWMSyc6.gif",
        "https://imgur.com/fvDmIUg.gif",
        "https://imgur.com/hLqp0Bi.gif",
        "https://imgur.com/N2i2CP5.gif",
        "https://imgur.com/8s4uSWY.gif",
        "https://imgur.com/b3PnHrI.gif",
        "https://imgur.com/aCPrqSh.gif",
        "https://imgur.com/mK3jMnb.gif",
        "https://imgur.com/KKq3cal.gif",
        "https://imgur.com/ZSxProk.gif"
    ],
    "Olhando": [
        "https://imgur.com/zo4Tkvo.gif",
        "https://imgur.com/tzceUKQ.gif",
        "https://imgur.com/pG8q63o.gif",
        "https://imgur.com/YWMSyc6.gif",
        "https://imgur.com/fvDmIUg.gif",
        "https://imgur.com/hLqp0Bi.gif",
        "https://imgur.com/N2i2CP5.gif",
        "https://imgur.com/8s4uSWY.gif",
        "https://imgur.com/b3PnHrI.gif",
        "https://imgur.com/aCPrqSh.gif",
        "https://imgur.com/mK3jMnb.gif",
        "https://imgur.com/KKq3cal.gif",
        "https://imgur.com/ZSxProk.gif"
    ],
    "Pensando": [
        "https://imgur.com/CWhbgUi.gif",
        "https://imgur.com/NcPs1vb.gif",
        "https://imgur.com/4PdAqQb.gif",
        "https://imgur.com/a0m7XtQ.gif",
        "https://imgur.com/txn2gYq.gif",
        "https://imgur.com/b1QJPMT.gif",
        "https://imgur.com/AYTiN3X.gif",
        "https://imgur.com/lj2yGDC.gif",
        "https://imgur.com/GEMICFG.gif",
        "https://imgur.com/h42MSIR.gif",
        "https://imgur.com/191ip4V.gif",
        "https://imgur.com/t4oqtRB.gif"
    ],
    "Bico": [
        "https://imgur.com/IWcnsVz.gif",
        "https://imgur.com/ykbbyeG.gif",
        "https://imgur.com/DvXtkrp.gif",
        "https://imgur.com/kZMw9e4.gif",
        "https://imgur.com/i7EekNZ.gif",
        "https://imgur.com/WSnxFkU.gif",
        "https://imgur.com/s2DQLD8.gif",
        "https://imgur.com/vTkab7F.gif",
        "https://imgur.com/C4qS1qo.gif",
        "https://imgur.com/gI9MghR.gif",
        "https://imgur.com/paJ4r0p.gif",
        "https://imgur.com/573Tfb5.gif",
        "https://imgur.com/WzrDVfM.gif",
        "https://imgur.com/Y64wzy2.gif",
        "https://imgur.com/GRiBslM.gif",
        "https://imgur.com/F0SU5zn.gif",
        "https://imgur.com/ohWzmna.gif",
        "https://imgur.com/rVtUmUB.gif",
        "https://imgur.com/LLeYBYJ.gif",
        "https://imgur.com/LolnknH.gif",
        "https://imgur.com/YFf97jp.gif",
        "https://imgur.com/UQzU1kl.gif"
    ],
    "Que": [
        "https://imgur.com/Yhw5dqh.gif",
        "https://imgur.com/P0imDeE.gif",
        "https://imgur.com/g8iZ4OC.gif",
        "https://imgur.com/MsSSfyX.gif",
        "https://imgur.com/6UmKNvm.gif",
        "https://imgur.com/5yOQhRf.gif",
        "https://imgur.com/WkHwHMt.gif"
    ],
    "Vergonha": [
        "https://imgur.com/pkQLxS0.gif",
        "https://imgur.com/w1LV6mW.gif",
        "https://imgur.com/yHpwB80.gif",
        "https://imgur.com/nqWmdmr.gif",
        "https://imgur.com/ec7IRV9.gif",
        "https://imgur.com/CGdF80m.gif",
        "https://imgur.com/BmwRbAL.gif",
        "https://imgur.com/qr73B39.gif",
        "https://imgur.com/aVCvPPs.gif",
        "https://imgur.com/1VCiYEW.gif",
        "https://imgur.com/xnlXTuU.gif",
        "https://imgur.com/ojEzYJI.gif",
        "https://imgur.com/fhFqbcR.gif"
    ],
    "Surprise": [
        "https://imgur.com/Yhw5dqh.gif",
        "https://imgur.com/P0imDeE.gif",
        "https://imgur.com/g8iZ4OC.gif",
        "https://imgur.com/MsSSfyX.gif",
        "https://imgur.com/6UmKNvm.gif",
        "https://imgur.com/5yOQhRf.gif",
        "https://imgur.com/WkHwHMt.gif"
    ],
    "Feet": [
        "https://imgur.com/LHYGFv9.gif",
        "https://imgur.com/nejyn8e.gif",
        "https://imgur.com/Iv7XODR.gif",
        "https://imgur.com/u941BDN.gif",
        "https://imgur.com/d8YJvYP.gif",
        "https://imgur.com/nVEwypw.gif",
        "https://imgur.com/35sscfQ.gif",
        "https://imgur.com/RjJTqRq.gif",
        "https://imgur.com/gtGkba6.gif"
    ],
    "Beijar": [
        "https://imgur.com/iclUiUN.gif",
        "https://imgur.com/II1bakc.gif",
        "https://imgur.com/MzAjNdv.gif",
        "https://imgur.com/eKcWCgS.gif",
        "https://imgur.com/uobBW9K.gif",
        "https://imgur.com/VrETTlv.gif",
        "https://imgur.com/FozOXkB.gif",
        "https://imgur.com/7GhTplD.gif",
        "https://imgur.com/B6UKulT.gif",
        "https://imgur.com/6i5zWCx.gif",
        "https://imgur.com/Uow8no2.gif",
        "https://imgur.com/uuabzNk.gif",
        "https://imgur.com/EwQPLZI.gif",
        "https://imgur.com/I159BUo.gif",
        "https://imgur.com/8YZFU1Z.gif",
        "https://imgur.com/agdhkfE.gif",
        "https://imgur.com/hJGrpyU.gif",
        "https://imgur.com/uPtDEh6.gif",
        "https://imgur.com/pDScNqs.gif",
        "https://imgur.com/gWIm5bK.gif",
        "https://imgur.com/1IuyOxK.gif",
        "https://imgur.com/gsong8x.gif",
        "https://imgur.com/4Pw0uxb.gif"
    ],
    "Morder": [
        "https://imgur.com/0sQbStr.gif",
        "https://imgur.com/6Y5OnND.gif",
        "https://imgur.com/yjZCLpx.gif",
        "https://imgur.com/ymAPVpI.gif",
        "https://imgur.com/WqxrEhg.gif",
        "https://imgur.com/r04g2cj.gif",
        "https://imgur.com/bz1zkXQ.gif",
        "https://imgur.com/h9xSaJn.gif",
        "https://imgur.com/vJ6iLlH.gif",
        "https://imgur.com/lprVmaI.gif",
        "https://imgur.com/LAVnPlM.gif",
        "https://imgur.com/ntOXxqx.gif"
    ],
    "Chupar": [
        "https://imgur.com/ghtNfE9.gif",
        "https://imgur.com/xyCAFWc.gif",
        "https://imgur.com/6gAisvv.gif",
        "https://imgur.com/4HIukDs.gif",
        "https://imgur.com/867BE2L.gif",
        "https://imgur.com/QZgruaz.gif"
    ],
    "Matar": [
        "https://imgur.com/m8ZtlNO.gif",
        "https://imgur.com/umCms9c.gif",
        "https://imgur.com/3uMLnPC.gif",
        "https://imgur.com/Pobe6Lo.gif",
        "https://imgur.com/q1AQ4vD.gif",
        "https://imgur.com/kVSTKPb.gif",
        "https://imgur.com/duiXoPW.gif",
        "https://imgur.com/HshuBMF.gif",
        "https://imgur.com/b7cFfKJ.gif",
        "https://imgur.com/NWEGNSx.gif",
        "https://imgur.com/V90HGXk.gif",
        "https://imgur.com/4nyxMrc.gif",
        "https://imgur.com/fFliWDG.gif",
        "https://imgur.com/CdoJ8Ac.gif",
        "https://imgur.com/8tPxaFx.gif",
        "https://imgur.com/FjtrdCW.gif",
        "https://imgur.com/kWIeWwk.gif"
    ],
    "Carinho": [
        "https://imgur.com/2lacG7l.gif",
        "https://imgur.com/UWbKpx8.gif",
        "https://imgur.com/4ssddEQ.gif",
        "https://imgur.com/2k0MFIr.gif",
        "https://imgur.com/nPr3s5D.gif",
        "https://imgur.com/LUypjw3.gif",
        "https://imgur.com/F3cjr3n.gif",
        "https://imgur.com/NNOz81F.gif",
        "https://imgur.com/cqIJIh4.gif",
        "https://imgur.com/5OQMI1m.gif",
        "https://imgur.com/48c0jVX.gif",
        "https://imgur.com/Iq9eZ5o.gif"
    ],
    "Dedo": [
        "https://imgur.com/SA5DXP6.gif",
        "https://imgur.com/szr4sfd.gif",
        "https://imgur.com/nmHzWIX.gif",
        "https://imgur.com/145Sc4Z.gif"
    ],
    "Hug": [
        "https://imgur.com/uXL0iTg.gif",
        "https://imgur.com/U8W2LSy.gif",
        "https://imgur.com/Y0rsWyI.gif",
        "https://imgur.com/QTTHhp1.gif",
        "https://imgur.com/hI6bUlY.gif",
        "https://imgur.com/e1ofXDH.gif",
        "https://imgur.com/Zhw4mwC.gif",
        "https://imgur.com/mJousjU.gif",
        "https://imgur.com/cZWWATV.gif",
        "https://imgur.com/LPftvE0.gif",
        "https://imgur.com/dwxp3zn.gif",
        "https://imgur.com/hpddahS.gif",
        "https://imgur.com/LHBOVKM.gif",
        "https://imgur.com/Fkchj2G.gif",
        "https://imgur.com/ao4wesH.gif",
        "https://imgur.com/Np86qdf.gif",
        "https://imgur.com/0N1XzB1.gif",
        "https://imgur.com/DrUzqCx.gif",
        "https://imgur.com/wVKnj9O.gif",
        "https://imgur.com/LDFs9nu.gif",
        "https://imgur.com/4yKZQ8B.gif",
        "https://imgur.com/koFG06W.gif"
    ],
    "Lamber": [
        "https://imgur.com/ixqmPUG.gif",
        "https://imgur.com/fcQKlLL.gif",
        "https://imgur.com/WtIcBUB.gif",
        "https://imgur.com/XXPT5jN.gif",
        "https://imgur.com/lBhuZIZ.gif",
        "https://imgur.com/NaD26Am.gif"
    ],
    "Cutucar": [
        "https://imgur.com/LFZfUsJ.gif",
        "https://imgur.com/Yvhlp1r.gif",
        "https://imgur.com/TQ6FcAG.gif",
        "https://imgur.com/terWE4l.gif",
        "https://imgur.com/Bta6nGN.gif",
        "https://imgur.com/jIEUPVf.gif",
        "https://imgur.com/s2VwYxD.gif",
        "https://imgur.com/rc3lYTa.gif",
        "https://imgur.com/L9qnxnv.gif"
    ],
    "Tapa": [
        "https://imgur.com/fm49srQ.gif",
        "https://imgur.com/4MQkDKm.gif",
        "https://imgur.com/o2SJYUS.gif",
        "https://imgur.com/oOCq3Bt.gif",
        "https://imgur.com/Agwwaj6.gif",
        "https://imgur.com/tb2uVVV.gif",
        "https://imgur.com/YA7g7h7.gif",
        "https://imgur.com/xMttEjS.gif",
        "https://imgur.com/mIg8erJ.gif",
        "https://imgur.com/oRsaSyU.gif",
        "https://imgur.com/kSLODXO.gif",
        "https://imgur.com/CwbYjBX.gif",
        "https://imgur.com/orjYBoH.gif",
        "https://imgur.com/kUNr4vk.gif",
        "https://imgur.com/T00nSoV.gif",
        "https://imgur.com/NSeL8jO.gif",
        "https://imgur.com/NaLhZ8m.gif",
        "https://imgur.com/8p95SIi.gif",
        "https://imgur.com/8af2u1Q.gif",
        "https://imgur.com/wYgsQNc.gif",
        "https://imgur.com/HT6pXv0.gif",
        "https://imgur.com/EueJXaU.gif",
        "https://imgur.com/N6ilHRG.gif",
        "https://imgur.com/N6ilHRG.gif"
    ],
    "Explodir": [
        "https://imgur.com/gVpxrzK.gif",
        "https://imgur.com/Nemm1pQ.gif",
        "https://imgur.com/hYQJMUE.gif",
        "https://imgur.com/XosXY1z.gif",
        "https://imgur.com/6YTvzGQ.gif",
        "https://imgur.com/uzx2f68.gif"
    ],
    "Tocaai": [
        "https://imgur.com/ox15B5R.gif",
        "https://imgur.com/vpv5tE0.gif",
        "https://imgur.com/JpMuTSR.gif",
        "https://imgur.com/95fpU14.gif",
        "https://imgur.com/bldOqvZ.gif",
        "https://imgur.com/KMkPmla.gif",
        "https://imgur.com/lq36NgR.gif",
        "https://imgur.com/79xL32Q.gif",
        "https://imgur.com/arQzBcL.gif",
        "https://imgur.com/JoLapZ3.gif",
        "https://imgur.com/Jz4722z.gif"
    ],
    "Pisar": [
        "https://imgur.com/McsRAGI.gif",
        "https://imgur.com/NhcfGAT.gif",
        "https://imgur.com/f6C1Mk7.gif",
        "https://imgur.com/nOVO5KC.gif",
        "https://imgur.com/E0zrKGs.gif",
        "https://imgur.com/lFTlLWk.gif",
        "https://imgur.com/7SNkffw.gif"
    ],
    "TeAmo": [
        "https://imgur.com/HVDnnyE.gif",
        "https://imgur.com/79G3VWI.gif",
        "https://imgur.com/XVzZ00R.gif",
        "https://imgur.com/639Y4lK.gif",
        "https://imgur.com/9eqn94K.gif",
        "https://imgur.com/Zq0w4L3.gif",
        "https://imgur.com/JHvhrni.gif",
        "https://imgur.com/cz9UNLw.gif",
        "https://imgur.com/WF8kNUz.gif"
    ],
    "Cumprimentar": [
        "https://imgur.com/CPTozLv.gif",
        "https://imgur.com/5aq8D6c.gif",
        "https://imgur.com/XP3GFfT.gif",
        "https://imgur.com/KFs6dKC.gif",
        "https://imgur.com/5U8gQ4n.gif",
        "https://imgur.com/EpBlqOx.gif",
        "https://imgur.com/HUC8k8C.gif",
        "https://imgur.com/vS1plk0.gif",
        "https://imgur.com/FqOuFTy.gif",
        "https://imgur.com/g8BxzSC.gif",
        "https://imgur.com/c51iZqH.gif",
        "https://imgur.com/8R75YyG.gif",
        "https://imgur.com/CqSNKyj.gif"
    ],
    "Shrug": [
        "https://imgur.com/oXZYxLZ.gif",
        "https://imgur.com/xA8UWfA.gif",
        "https://imgur.com/VJ5XZ9q.gif",
        "https://imgur.com/RSkRWbW.gif",
        "https://imgur.com/xbj2xPP.gif",
        "https://imgur.com/XmqqRgn.gif",
        "https://imgur.com/tfrN6d8.gif",
        "https://imgur.com/pGJ2Mkw.gif"
    ],
    "Olhar": [
        "https://imgur.com/l5xFcJ2.gif",
        "https://imgur.com/YoFsXOx.gif",
        "https://imgur.com/HNxV16F.gif",
        "https://imgur.com/6S5hxRr.gif",
        "https://imgur.com/MwOIxKg.gif",
        "https://imgur.com/1DV1Aix.gif",
        "https://imgur.com/HaPqlac.gif"
    ],
    "Lutar": [
        "https://imgur.com/T1sDMLA.gif",
        "https://imgur.com/5niochn.gif",
        "https://imgur.com/GGfSu9s.gif",
        "https://imgur.com/LygOJ5M.gif",
        "https://imgur.com/HTlpSAQ.gif",
        "https://imgur.com/fS4E13N.gif",
        "https://imgur.com/8vPPdZr.gif",
        "https://imgur.com/lIZEcOn.gif"
    ],
    "Chutar": [
        "https://imgur.com/xbm8Ukk.gif",
        "https://imgur.com/AdOvRMn.gif",
        "https://imgur.com/sf3qJku.gif",
        "https://imgur.com/wbuEKKF.gif",
        "https://imgur.com/R1SkxaQ.gif",
        "https://imgur.com/osAxUeb.gif",
        "https://imgur.com/Lj5Ya6g.gif",
        "https://imgur.com/4kThIOe.gif",
        "https://imgur.com/sTY75WH.gif",
        "https://imgur.com/rzYNWss.gif",
        "https://imgur.com/4C2DpfZ.gif",
        "https://imgur.com/pbOFvgE.gif"
    ],
    "Embed": {
        "MoneyWithWings": "https://imgur.com/k5NKfe8.gif"
    }
}