[
    {
        "answers": [
            "99 taxi"
        ],
        "images": {
            "censored": null,
            "uncensored": "https://media.discordapp.net/attachments/991029755367292948/995465489402834944/pngwing.com.png"
        }
    },
    {
        "answers": [
            "adidas"
        ],
        "images": {
            "censored": "https://media.discordapp.net/attachments/991029755367292948/996144452307521637/adidas2.png",
            "uncensored": "https://media.discordapp.net/attachments/991029755367292948/996144452026499144/adidas.png"
        }
    },
    {
        "answers": [
            "alexa",
            "amazon alexa"
        ],
        "images": {
            "censored": "https://media.discordapp.net/attachments/991029755367292948/995450889118683208/Picsart_22-07-09_19-05-15-573.png",
            "uncensored": "https://media.discordapp.net/attachments/991029755367292948/995450888921555025/Amazon-Alexa-Emblema_copy_512x512.jpg"
        }
    },
    {
        "answers": [
            "alfa romeo"
        ],
        "images": {
            "censored": "https://media.discordapp.net/attachments/991029755367292948/993753019801939968/94_Sem_Titulo_20220705023849.png?width=428&height=408",
            "uncensored": "https://media.discordapp.net/attachments/991029755367292948/993753019516719124/1656999358643.png?width=428&height=408"
        }
    },
    {
        "answers": [
            "all star"
        ],
        "images": {
            "censored": "https://media.discordapp.net/attachments/991029755367292948/994572617816211568/113_Sem_Titulo_20220707085611.png",
            "uncensored": "https://media.discordapp.net/attachments/991029755367292948/994572617572946025/logo-all-star.png.webp"
        }
    },
    {
        "answers": [
            "amazon"
        ],
        "images": {
            "censored": "https://media.discordapp.net/attachments/991029755367292948/993623726383956019/amazon.png",
            "uncensored": "https://media.discordapp.net/attachments/991029755367292948/993623726165868554/amazon2.png"
        }
    },
    {
        "answers": [
            "americanas"
        ],
        "images": {
            "censored": null,
            "uncensored": "https://media.discordapp.net/attachments/991029755367292948/1000564105486274660/images_2.png"
        }
    },
    {
        "answers": [
            "anatel"
        ],
        "images": {
            "censored": "https://cdn.discordapp.com/attachments/991029755367292948/998020082573770813/anatel2.png?width=405&height=408",
            "uncensored": "https://cdn.discordapp.com/attachments/991029755367292948/998020082129190912/anatel.png?width=405&height=408"
        }
    },
    {
        "answers": [
            "android"
        ],
        "images": {
            "censored": null,
            "uncensored": "https://media.discordapp.net/attachments/991029755367292948/994082665043083366/android.png"
        }
    },
    {
        "answers": [
            "apple"
        ],
        "images": {
            "censored": null,
            "uncensored": "https://media.discordapp.net/attachments/991029755367292948/993557948347465848/Apple_logo_grey.svg.png?width=344&height=408"
        }
    },
    {
        "answers": [
            "atelier 801"
        ],
        "images": {
            "censored": "https://media.discordapp.net/attachments/991029755367292948/995554000332128276/119_Sem_Titulo_20220710015506.png",
            "uncensored": "https://media.discordapp.net/attachments/991029755367292948/995554000088866906/8506562_orig.png"
        }
    },
    {
        "answers": [
            "audi"
        ],
        "images": {
            "censored": "https://media.discordapp.net/attachments/991029755367292948/995375451059015760/Polish_20220709_113811294.png",
            "uncensored": "https://media.discordapp.net/attachments/991029755367292948/995375450698289252/audi-512.png"
        }
    },
    {
        "answers": [
            "avon"
        ],
        "images": {
            "censored": "https://media.discordapp.net/attachments/991029755367292948/998433475621294160/151_Sem_Titulo_20220718003752.png",
            "uncensored": "https://media.discordapp.net/attachments/991029755367292948/998433475398991932/1658115436814.png"
        }
    },
    {
        "answers": [
            "aymoré"
        ],
        "images": {
            "censored": "https://media.discordapp.net/attachments/991029755367292948/996239669396246658/130_Sem_Titulo_20220711232023.png",
            "uncensored": "https://media.discordapp.net/attachments/991029755367292948/996239668993609778/images_4.png"
        }
    },
    {
        "answers": [
            "banco do brasil"
        ],
        "images": {
            "censored": null,
            "uncensored": "https://media.discordapp.net/attachments/991029755367292948/994960795215597598/banco-do-brasil-5.jpg"
        }
    },
    {
        "answers": [
            "banco itaú",
            "itaú"
        ],
        "images": {
            "censored": "https://media.discordapp.net/attachments/991029755367292948/995000905244086422/itau2.png",
            "uncensored": "https://media.discordapp.net/attachments/991029755367292948/995000905038581820/itau.png"
        }
    },
    {
        "answers": [
            "banco nubank",
            "nubank"
        ],
        "images": {
            "censored": null,
            "uncensored": "https://media.discordapp.net/attachments/991029755367292948/994961641454186566/Novo-Logo-002.jpg"
        }
    },
    {
        "answers": [
            "banco santander",
            "santander"
        ],
        "images": {
            "censored": null,
            "uncensored": "https://media.discordapp.net/attachments/991029755367292948/997708656797814846/banco-santander-logo-42.png"
        }
    },
    {
        "answers": [
            "bauducco"
        ],
        "images": {
            "censored": "https://media.discordapp.net/attachments/991029755367292948/998443766815916142/154_Sem_Titulo_20220718011831.png",
            "uncensored": "https://media.discordapp.net/attachments/991029755367292948/998443766576844851/bauducco-logo.png"
        }
    },
    {
        "answers": [
            "bbc"
        ],
        "images": {
            "censored": "https://media.discordapp.net/attachments/991029755367292948/997320527205122108/138_Sem_Titulo_20220714224651.png",
            "uncensored": "https://media.discordapp.net/attachments/991029755367292948/997320526949265418/images.jpeg"
        }
    },
    {
        "answers": [
            "beto carrero world",
            "beto carrero"
        ],
        "images": {
            "censored": "https://media.discordapp.net/attachments/991029755367292948/993632111963668601/bc2_1.png",
            "uncensored": "https://media.discordapp.net/attachments/991029755367292948/993632111674273954/bc.png"
        }
    },
    {
        "answers": [
            "bing"
        ],
        "images": {
            "censored": null,
            "uncensored": "https://media.discordapp.net/attachments/991029755367292948/996128706823196722/imagem_2022-07-11_155915534.png?width=409&height=408"
        }
    },
    {
        "answers": [
            "bmw",
            "bmw motors"
        ],
        "images": {
            "censored": "https://media.discordapp.net/attachments/991029755367292948/995323555547975700/Picsart_22-07-09_10-24-43-288.png",
            "uncensored": "https://media.discordapp.net/attachments/991029755367292948/995323555183087657/logo-bmw-512.png"
        }
    },
    {
        "answers": [
            "bombril",
            "bom bril"
        ],
        "images": {
            "censored": "https://media.discordapp.net/attachments/991029755367292948/995328412560408637/Picsart_22-07-09_10-10-15-008.png",
            "uncensored": "https://media.discordapp.net/attachments/991029755367292948/995328402586357840/bombril-512.png"
        }
    },
    {
        "answers": [
            "bosch"
        ],
        "images": {
            "censored": "https://media.discordapp.net/attachments/991029755367292948/995368933328683028/Polish_20220709_112647500.png",
            "uncensored": "https://media.discordapp.net/attachments/991029755367292948/995368932938625115/logo-bosch-512.png"
        }
    },
    {
        "answers": [
            "bottero"
        ],
        "images": {
            "censored": "https://cdn.discordapp.com/attachments/991029755367292948/997986966320709643/bottero2.png",
            "uncensored": "https://cdn.discordapp.com/attachments/991029755367292948/997986966022930514/bottero.png"
        }
    },
    {
        "answers": [
            "bradesco",
            "banco bradesco"
        ],
        "images": {
            "censored": "https://media.discordapp.net/attachments/991029755367292948/994282719620120706/unknown.png",
            "uncensored": "https://media.discordapp.net/attachments/991029755367292948/994282719217471659/unknown.png"
        }
    },
    {
        "answers": [
            "brahma"
        ],
        "images": {
            "censored": "https://media.discordapp.net/attachments/991029755367292948/994645497354666105/brahma2.png",
            "uncensored": "https://media.discordapp.net/attachments/991029755367292948/994645497107206154/brahma.png"
        }
    },
    {
        "answers": [
            "brainly"
        ],
        "images": {
            "censored": null,
            "uncensored": "https://media.discordapp.net/attachments/991029755367292948/995708699186315364/images.png"
        }
    },
    {
        "answers": [
            "brawlhalla"
        ],
        "images": {
            "censored": "https://cdn.discordapp.com/attachments/991029755367292948/1000830078172795033/brawlhalla2.jpeg",
            "uncensored": "https://cdn.discordapp.com/attachments/991029755367292948/1000830077967269988/brawlhalla.jpeg"
        }
    },
    {
        "answers": [
            "burger king"
        ],
        "images": {
            "censored": "https://media.discordapp.net/attachments/991029755367292948/993580450553528401/unknown.png",
            "uncensored": "https://media.discordapp.net/attachments/991029755367292948/993580450322849932/imagem_2022-07-04_151343399.png"
        }
    },
    {
        "answers": [
            "cacau show"
        ],
        "images": {
            "censored": "https://media.discordapp.net/attachments/991029755367292948/994052685013733436/101_Sem_Titulo_20220705223012.png",
            "uncensored": "https://media.discordapp.net/attachments/991029755367292948/994052684699152535/images.png"
        }
    },
    {
        "answers": [
            "caixa",
            "banco caixa",
            "caixa economia federal"
        ],
        "images": {
            "censored": "https://media.discordapp.net/attachments/991029755367292948/995488560029380668/Picsart_22-07-09_21-05-26-621.png?width=473&height=473",
            "uncensored": "https://media.discordapp.net/attachments/991029755367292948/995488559727398982/Picsart_22-07-09_21-03-13-159.png?width=473&height=473"
        }
    },
    {
        "answers": [
            "calvin klein"
        ],
        "images": {
            "censored": null,
            "uncensored": "https://media.discordapp.net/attachments/991029755367292948/994567001240506449/pixeleap_1656365224061.jpg"
        }
    },
    {
        "answers": [
            "caoa chery"
        ],
        "images": {
            "censored": "https://media.discordapp.net/attachments/991029755367292948/993706405158715452/90_Sem_Titulo_20220704233340.png",
            "uncensored": "https://media.discordapp.net/attachments/991029755367292948/993706404940615770/images.jpeg"
        }
    },
    {
        "answers": [
            "cartoon network"
        ],
        "images": {
            "censored": "https://media.discordapp.net/attachments/991029755367292948/996142828608565358/cartoon_network2.png",
            "uncensored": "https://media.discordapp.net/attachments/991029755367292948/996142828382081155/cartoon_network.png"
        }
    },
    {
        "answers": [
            "casas bahia"
        ],
        "images": {
            "censored": null,
            "uncensored": "https://media.discordapp.net/attachments/991029755367292948/997715051886678166/images_1.png"
        }
    },
    {
        "answers": [
            "chanel"
        ],
        "images": {
            "censored": "https://media.discordapp.net/attachments/991029755367292948/994569834413162516/112_Sem_Titulo_20220707084501.png",
            "uncensored": "https://media.discordapp.net/attachments/991029755367292948/994569834195071006/Chanel-Logo-650x366.png"
        }
    },
    {
        "answers": [
            "cheetos"
        ],
        "images": {
            "censored": "https://media.discordapp.net/attachments/991029755367292948/1000597892966387732/161_Sem_Titulo_20220723235802.png",
            "uncensored": "https://media.discordapp.net/attachments/991029755367292948/1000597892748288080/1280px-Cheetos_logo.svg.png"
        }
    },
    {
        "answers": [
            "chevrolet"
        ],
        "images": {
            "censored": "https://media.discordapp.net/attachments/991029755367292948/993857322441003128/98_Sem_Titulo_20220705093332.png?width=727&height=408",
            "uncensored": "https://media.discordapp.net/attachments/991029755367292948/993857322222891078/images.jpeg?width=727&height=408"
        }
    },
    {
        "answers": [
            "cifra club"
        ],
        "images": {
            "censored": null,
            "uncensored": "https://media.discordapp.net/attachments/991029755367292948/1000593486405456053/images_4.png"
        }
    },
    {
        "answers": [
            "club penguin"
        ],
        "images": {
            "censored": null,
            "uncensored": "https://media.discordapp.net/attachments/991029755367292948/995564096328048710/pngwing.com.png"
        }
    },
    {
        "answers": [
            "cna"
        ],
        "images": {
            "censored": "https://media.discordapp.net/attachments/991029755367292948/995748424056045688/124_Sem_Titulo_20220710144828.png",
            "uncensored": "https://media.discordapp.net/attachments/991029755367292948/995748423833759815/Logo-CNA-2018.png"
        }
    },
    {
        "answers": [
            "coca-cola",
            "coca cola"
        ],
        "images": {
            "censored": "https://media.discordapp.net/attachments/991029755367292948/994397054480687124/108_Sem_Titulo_20220706211819.png?width=660&height=408",
            "uncensored": "https://media.discordapp.net/attachments/991029755367292948/994397054132555836/imagem_2022-07-06_210830422.png?width=660&height=408"
        }
    },
    {
        "answers": [
            "crunchyroll"
        ],
        "images": {
            "censored": null,
            "uncensored": "https://media.discordapp.net/attachments/991029755367292948/993570753524006942/417bVUqe0pL.png?width=408&height=408"
        }
    },
    {
        "answers": [
            "danone"
        ],
        "images": {
            "censored": "https://media.discordapp.net/attachments/991029755367292948/1000601657949831168/163_Sem_Titulo_20220724000550.png",
            "uncensored": "https://media.discordapp.net/attachments/991029755367292948/1000601657723334696/11c6d9ef43beb8926d621186ea4538bc.png"
        }
    },
    {
        "answers": [
            "dc comics",
            "dc"
        ],
        "images": {
            "censored": "https://media.discordapp.net/attachments/991029755367292948/995717162540994570/123_Sem_Titulo_20220710124004.png",
            "uncensored": "https://media.discordapp.net/attachments/991029755367292948/995717162176086126/images_1.png"
        }
    },
    {
        "answers": [
            "deezer"
        ],
        "images": {
            "censored": "https://media.discordapp.net/attachments/991029755367292948/995464805030825987/118_Sem_Titulo_20220709200124.png",
            "uncensored": "https://media.discordapp.net/attachments/991029755367292948/995464804804329513/images_1.jpeg"
        }
    },
    {
        "answers": [
            "deviantart"
        ],
        "images": {
            "censored": null,
            "uncensored": "https://media.discordapp.net/attachments/991029755367292948/993864951376662568/deviantart.png?width=408&height=408"
        }
    },
    {
        "answers": [
            "discord"
        ],
        "images": {
            "censored": null,
            "uncensored": "https://media.discordapp.net/attachments/991029755367292948/993531866470694943/discord-logo-4-1.png?width=408&height=408"
        }
    },
    {
        "answers": [
            "discovery kids"
        ],
        "images": {
            "censored": "https://media.discordapp.net/attachments/991029755367292948/996122627766759534/discovery2.png?width=465&height=408",
            "uncensored": "https://media.discordapp.net/attachments/991029755367292948/996122627527671928/discovery.png?width=465&height=408"
        }
    },
    {
        "answers": [
            "disney channel"
        ],
        "images": {
            "censored": "https://media.discordapp.net/attachments/991029755367292948/997326450220871782/140_Sem_Titulo_20220714231855.png",
            "uncensored": "https://media.discordapp.net/attachments/991029755367292948/997326449872732231/Disney-Channel-Logo.png"
        }
    },
    {
        "answers": [
            "disney plus",
            "disney +"
        ],
        "images": {
            "censored": "https://media.discordapp.net/attachments/991029755367292948/997332142277263360/143_Sem_Titulo_20220714234135.png",
            "uncensored": "https://media.discordapp.net/attachments/991029755367292948/997332141975289886/images-removebg-preview.png"
        }
    },
    {
        "answers": [
            "domino's pizza",
            "dominos pizza"
        ],
        "images": {
            "censored": "https://media.discordapp.net/attachments/991029755367292948/995171605296709743/115_Sem_Titulo_20220709003440.png",
            "uncensored": "https://media.discordapp.net/attachments/991029755367292948/995171605007319102/1657337523389.png"
        }
    },
    {
        "answers": [
            "doritos"
        ],
        "images": {
            "censored": "https://media.discordapp.net/attachments/991029755367292948/995428909137010688/doritos2.png",
            "uncensored": "https://media.discordapp.net/attachments/991029755367292948/995428908835029054/imagem_2022-07-09_173852155.png"
        }
    },
    {
        "answers": [
            "dulux"
        ],
        "images": {
            "censored": "https://media.discordapp.net/attachments/991029755367292948/1000594432296488990/159_Sem_Titulo_20220723234446.png",
            "uncensored": "https://media.discordapp.net/attachments/991029755367292948/1000594432065814538/dulux-logo.png"
        }
    },
    {
        "answers": [
            "duolingo"
        ],
        "images": {
            "censored": null,
            "uncensored": "https://media.discordapp.net/attachments/991029755367292948/996233597105229915/emojisky.com-10914593.png"
        }
    },
    {
        "answers": [
            "duracell"
        ],
        "images": {
            "censored": "https://media.discordapp.net/attachments/991029755367292948/997710394380537937/Point_Blur_Jul162022_004419.png",
            "uncensored": "https://media.discordapp.net/attachments/991029755367292948/997710394095304744/images-removebg-preview.png"
        }
    },
    {
        "answers": [
            "editora vagalume"
        ],
        "images": {
            "censored": null,
            "uncensored": "https://media.discordapp.net/attachments/991029755367292948/995467854939951134/images.png"
        }
    },
    {
        "answers": [
            "elma chips"
        ],
        "images": {
            "censored": "https://media.discordapp.net/attachments/991029755367292948/996086420814966904/unknown.png?width=408&height=408",
            "uncensored": "https://media.discordapp.net/attachments/991029755367292948/996086420554907729/unknown.png?width=408&height=408"
        }
    },
    {
        "answers": [
            "embratel"
        ],
        "images": {
            "censored": "https://media.discordapp.net/attachments/991029755367292948/1000818859474956379/165_Sem_Titulo_20220724143608.png",
            "uncensored": "https://media.discordapp.net/attachments/991029755367292948/1000818859248459897/Embratel_logo.png"
        }
    },
    {
        "answers": [
            "emissora band",
            "band"
        ],
        "images": {
            "censored": null,
            "uncensored": "https://media.discordapp.net/attachments/991029755367292948/995714481025986732/images-removebg-preview.png"
        }
    },
    {
        "answers": [
            "emissora globo",
            "globo"
        ],
        "images": {
            "censored": null,
            "uncensored": "https://media.discordapp.net/attachments/991029755367292948/996105762558443671/imagem_2022-07-11_142822332.png?width=408&height=408"
        }
    },
    {
        "answers": [
            "emissora record",
            "record"
        ],
        "images": {
            "censored": "https://media.discordapp.net/attachments/991029755367292948/996098862144032830/unknown.png?width=483&height=408",
            "uncensored": "https://media.discordapp.net/attachments/991029755367292948/996098861829472296/unknown.png?width=483&height=408"
        }
    },
    {
        "answers": [
            "faber-castell",
            "faber castell"
        ],
        "images": {
            "censored": "https://media.discordapp.net/attachments/991029755367292948/995381585832583328/Picsart_22-07-09_14-28-24-639.png",
            "uncensored": "https://media.discordapp.net/attachments/991029755367292948/995381569999085618/Picsart_22-07-09_14-29-35-656.png"
        }
    },
    {
        "answers": [
            "facebook"
        ],
        "images": {
            "censored": null,
            "uncensored": "https://media.discordapp.net/attachments/991029755367292948/991030293706195014/Facebook_f_logo_2019.svg.png?width=473&height=473"
        }
    },
    {
        "answers": [
            "fanta"
        ],
        "images": {
            "censored": "https://media.discordapp.net/attachments/991029755367292948/994642107379744849/fantaII.png",
            "uncensored": "https://media.discordapp.net/attachments/991029755367292948/994642107086147634/fanta.png"
        }
    },
    {
        "answers": [
            "fbi"
        ],
        "images": {
            "censored": null,
            "uncensored": "https://media.discordapp.net/attachments/991029755367292948/1000819961800957952/1658684437165.png"
        }
    },
    {
        "answers": [
            "fiat"
        ],
        "images": {
            "censored": "https://media.discordapp.net/attachments/991029755367292948/994651613883027516/fiat2.png?width=408&height=408",
            "uncensored": "https://media.discordapp.net/attachments/991029755367292948/994651613585215570/fiat.png?width=408&height=408"
        }
    },
    {
        "answers": [
            "firefox"
        ],
        "images": {
            "censored": null,
            "uncensored": "https://media.discordapp.net/attachments/991029755367292948/994079551703494736/firefox-logo-removebg-preview.png"
        }
    },
    {
        "answers": [
            "fisk"
        ],
        "images": {
            "censored": "https://media.discordapp.net/attachments/991029755367292948/996230543609966682/125_Sem_Titulo_20220711224408.png",
            "uncensored": "https://media.discordapp.net/attachments/991029755367292948/996230540535545947/1657590173159.png"
        }
    },
    {
        "answers": [
            "ford"
        ],
        "images": {
            "censored": "https://media.discordapp.net/attachments/991029755367292948/993702753870295060/1656987557792.png",
            "uncensored": "https://media.discordapp.net/attachments/991029755367292948/993702753673158656/ford_1.png"
        }
    },
    {
        "answers": [
            "friboi"
        ],
        "images": {
            "censored": "https://media.discordapp.net/attachments/991029755367292948/996238164551286854/129_Sem_Titulo_20220711231432.png",
            "uncensored": "https://media.discordapp.net/attachments/991029755367292948/996238164299612291/friboi-logo.png"
        }
    },
    {
        "answers": [
            "galinha pintadinha"
        ],
        "images": {
            "censored": null,
            "uncensored": "https://media.discordapp.net/attachments/991029755367292948/995362391237869568/kisspng-galinha-pintadinha-chicken-musical-theatre-peru-peru-vector-5ad859f6f41e91.8609598915241282469999.png"
        }
    },
    {
        "answers": [
            "giraffas"
        ],
        "images": {
            "censored": "https://media.discordapp.net/attachments/991029755367292948/993588727614013530/giraffas2.png?width=408&height=408",
            "uncensored": "https://media.discordapp.net/attachments/991029755367292948/993588727349784696/imagem_2022-07-04_152246687-removebg-preview.png?width=408&height=408"
        }
    },
    {
        "answers": [
            "google"
        ],
        "images": {
            "censored": null,
            "uncensored": "https://media.discordapp.net/attachments/991029755367292948/993556206218121336/google-icon-2.png?width=408&height=408"
        }
    },
    {
        "answers": [
            "google chrome",
            "chrome"
        ],
        "images": {
            "censored": null,
            "uncensored": "https://media.discordapp.net/attachments/991029755367292948/993555710744985721/images_55-removebg-preview.png?width=415&height=408"
        }
    },
    {
        "answers": [
            "guaraná antarctica",
            "guaraná"
        ],
        "images": {
            "censored": "https://media.discordapp.net/attachments/991029755367292948/994074646712438794/106_Sem_Titulo_20220705235703.png?width=473&height=473",
            "uncensored": "https://media.discordapp.net/attachments/991029755367292948/994074646402039828/images.jpeg?width=473&height=473"
        }
    },
    {
        "answers": [
            "gucci"
        ],
        "images": {
            "censored": null,
            "uncensored": "https://media.discordapp.net/attachments/991029755367292948/995488575443456111/Picsart_22-07-09_20-56-49-354.jpg?width=473&height=473"
        }
    },
    {
        "answers": [
            "habbo"
        ],
        "images": {
            "censored": null,
            "uncensored": "https://media.discordapp.net/attachments/991029755367292948/995562749331525672/images_1.png"
        }
    },
    {
        "answers": [
            "habib's",
            "habibs"
        ],
        "images": {
            "censored": "https://media.discordapp.net/attachments/991029755367292948/993582362996781137/habibs.png",
            "uncensored": "https://media.discordapp.net/attachments/991029755367292948/993582362728353872/habibs2.png"
        }
    },
    {
        "answers": [
            "hbo max",
            "hbo"
        ],
        "images": {
            "censored": "https://media.discordapp.net/attachments/991029755367292948/997335468150620211/144_Sem_Titulo_20220714235342.png",
            "uncensored": "https://media.discordapp.net/attachments/991029755367292948/997335467877998683/HBO-Max-Logo.png"
        }
    },
    {
        "answers": [
            "hyundai"
        ],
        "images": {
            "censored": "https://media.discordapp.net/attachments/991029755367292948/993712901410013255/1656989970495.png?width=610&height=408",
            "uncensored": "https://media.discordapp.net/attachments/991029755367292948/993712901158342746/pngwing.com.png?width=610&height=408"
        }
    },
    {
        "answers": [
            "ifood"
        ],
        "images": {
            "censored": "https://media.discordapp.net/attachments/991029755367292948/995420460579827772/Picsart_22-07-09_17-03-04-952.png",
            "uncensored": "https://media.discordapp.net/attachments/991029755367292948/995420444452728873/logo-ifood-512.png"
        }
    },
    {
        "answers": [
            "imgur"
        ],
        "images": {
            "censored": null,
            "uncensored": "https://media.discordapp.net/attachments/991029755367292948/993575560196407396/unknown.png?width=405&height=408"
        }
    },
    {
        "answers": [
            "instagram"
        ],
        "images": {
            "censored": null,
            "uncensored": "https://media.discordapp.net/attachments/991029755367292948/993570068631924806/pngwing.com1.png?width=408&height=408"
        }
    },
    {
        "answers": [
            "internet explorer"
        ],
        "images": {
            "censored": null,
            "uncensored": "https://media.discordapp.net/attachments/991029755367292948/994077977673474118/1657076907488.png"
        }
    },
    {
        "answers": [
            "italac"
        ],
        "images": {
            "censored": "https://media.discordapp.net/attachments/991029755367292948/1000642258892234782/164_Sem_Titulo_20220724024914.png",
            "uncensored": "https://media.discordapp.net/attachments/991029755367292948/1000642258707693699/images_5.png"
        }
    },
    {
        "answers": [
            "jequiti"
        ],
        "images": {
            "censored": "https://media.discordapp.net/attachments/991029755367292948/998438985888182392/152_Sem_Titulo_20220718005706.png",
            "uncensored": "https://media.discordapp.net/attachments/991029755367292948/998438985686851635/images.png"
        }
    },
    {
        "answers": [
            "kfc",
            "kentucky fried chicken"
        ],
        "images": {
            "censored": "https://media.discordapp.net/attachments/991029755367292948/997324241735254076/139_Sem_Titulo_20220714230853.png",
            "uncensored": "https://media.discordapp.net/attachments/991029755367292948/997324241412309073/images_1.jpeg"
        }
    },
    {
        "answers": [
            "kibom"
        ],
        "images": {
            "censored": null,
            "uncensored": "https://media.discordapp.net/attachments/991029755367292948/996129016635461762/imagem_2022-07-11_160036147.png?width=408&height=408"
        }
    },
    {
        "answers": [
            "kitkat"
        ],
        "images": {
            "censored": "https://media.discordapp.net/attachments/991029755367292948/995172658134134794/116_Sem_Titulo_20220709004001.png",
            "uncensored": "https://media.discordapp.net/attachments/991029755367292948/995172657756635236/fc134e0c9b99e9baca5b8945ee16a6cc.jpg"
        }
    },
    {
        "answers": [
            "lacoste"
        ],
        "images": {
            "censored": "https://media.discordapp.net/attachments/991029755367292948/994564555709620294/110_Sem_Titulo_20220707082347.png",
            "uncensored": "https://media.discordapp.net/attachments/991029755367292948/994564555487330384/images.png"
        }
    },
    {
        "answers": [
            "land rover"
        ],
        "images": {
            "censored": "https://media.discordapp.net/attachments/991029755367292948/993852350773088276/96_Sem_Titulo_20220705091248.png?width=679&height=408",
            "uncensored": "https://media.discordapp.net/attachments/991029755367292948/993852350554964080/1657021633119.png?width=679&height=408"
        }
    },
    {
        "answers": [
            "lay's",
            "lays"
        ],
        "images": {
            "censored": "https://media.discordapp.net/attachments/991029755367292948/995422823432585336/lays2.png?width=434&height=408",
            "uncensored": "https://media.discordapp.net/attachments/991029755367292948/995422823218683994/lays.png?width=434&height=408"
        }
    },
    {
        "answers": [
            "league of legends"
        ],
        "images": {
            "censored": null,
            "uncensored": "https://media.discordapp.net/attachments/991029755367292948/995560266999791626/images__2_-removebg-preview.png"
        }
    },
    {
        "answers": [
            "lego"
        ],
        "images": {
            "censored": "https://media.discordapp.net/attachments/991029755367292948/995328255240437900/Picsart_22-07-09_09-50-28-510.png",
            "uncensored": "https://media.discordapp.net/attachments/991029755367292948/995328246549860372/logo-lego-512.png"
        }
    },
    {
        "answers": [
            "lenovo"
        ],
        "images": {
            "censored": "https://media.discordapp.net/attachments/991029755367292948/997316927468863519/137_Sem_Titulo_20220714224030.png",
            "uncensored": "https://media.discordapp.net/attachments/991029755367292948/997316927246569592/logo-lenovo-vermelha-1024.png"
        }
    },
    {
        "answers": [
            "level up"
        ],
        "images": {
            "censored": "https://media.discordapp.net/attachments/991029755367292948/995559256008949891/122_Sem_Titulo_20220710021631.png",
            "uncensored": "https://media.discordapp.net/attachments/991029755367292948/995559253848895508/images_1.jpeg"
        }
    },
    {
        "answers": [
            "levi's",
            "levis"
        ],
        "images": {
            "censored": "https://media.discordapp.net/attachments/991029755367292948/995087234577465354/levis2.png",
            "uncensored": "https://media.discordapp.net/attachments/991029755367292948/995087234350977114/levis.png"
        }
    },
    {
        "answers": [
            "lg"
        ],
        "images": {
            "censored": null,
            "uncensored": "https://media.discordapp.net/attachments/991029755367292948/994283276237811722/imagem_2022-07-06_134556022.png?width=408&height=408"
        }
    },
    {
        "answers": [
            "linux"
        ],
        "images": {
            "censored": null,
            "uncensored": "https://media.discordapp.net/attachments/991029755367292948/994092525583339580/1657080513728.png?width=484&height=484"
        }
    },
    {
        "answers": [
            "louis vuitton"
        ],
        "images": {
            "censored": null,
            "uncensored": "https://media.discordapp.net/attachments/991029755367292948/994571307649863821/images-removebg-preview.png"
        }
    },
    {
        "answers": [
            "madero"
        ],
        "images": {
            "censored": "https://media.discordapp.net/attachments/991029755367292948/995776758844489808/madero2.png?width=408&height=408",
            "uncensored": "https://media.discordapp.net/attachments/991029755367292948/995776758634782731/madero.png?width=408&height=408"
        }
    },
    {
        "answers": [
            "marvel studios",
            "marvel"
        ],
        "images": {
            "censored": "https://media.discordapp.net/attachments/991029755367292948/996080868202401833/ms2.png?width=408&height=408",
            "uncensored": "https://media.discordapp.net/attachments/991029755367292948/996080867980095588/ms.png?width=408&height=408"
        }
    },
    {
        "answers": [
            "mcdonalds",
            "mcdonald's",
            "mc donalds"
        ],
        "images": {
            "censored": null,
            "uncensored": "https://media.discordapp.net/attachments/991029755367292948/993576083427426424/mcdonalds.png"
        }
    },
    {
        "answers": [
            "melitta",
            "café melitta"
        ],
        "images": {
            "censored": "https://media.discordapp.net/attachments/991029755367292948/995328866786746378/Picsart_22-07-09_10-26-22-801.png",
            "uncensored": "https://media.discordapp.net/attachments/991029755367292948/995328854581325844/logo-melitta-512.png"
        }
    },
    {
        "answers": [
            "mercado livre"
        ],
        "images": {
            "censored": "https://media.discordapp.net/attachments/991029755367292948/993626173433196674/ml2.png",
            "uncensored": "https://media.discordapp.net/attachments/991029755367292948/993626173164765294/ml.jpg"
        }
    },
    {
        "answers": [
            "mercado pago"
        ],
        "images": {
            "censored": "https://media.discordapp.net/attachments/991029755367292948/995433201415766016/Picsart_22-07-09_17-43-26-753.png",
            "uncensored": "https://media.discordapp.net/attachments/991029755367292948/995433201080213614/Picsart_22-07-09_17-43-51-897.png"
        }
    },
    {
        "answers": [
            "mercedes-benz",
            "mercedes benz"
        ],
        "images": {
            "censored": "https://media.discordapp.net/attachments/991029755367292948/993726986142875699/92_Sem_Titulo_20220705005554.png?width=655&height=408",
            "uncensored": "https://media.discordapp.net/attachments/991029755367292948/993726985874456627/images.jpeg?width=655&height=408"
        }
    },
    {
        "answers": [
            "messenger"
        ],
        "images": {
            "censored": null,
            "uncensored": "https://media.discordapp.net/attachments/991029755367292948/995746484760883300/Facebook_Messenger_logo_2020.svg.png"
        }
    },
    {
        "answers": [
            "microsoft"
        ],
        "images": {
            "censored": null,
            "uncensored": "https://media.discordapp.net/attachments/991029755367292948/1000561892214980718/microsoft-80660_640.png"
        }
    },
    {
        "answers": [
            "minecraft",
            "mine"
        ],
        "images": {
            "censored": null,
            "uncensored": "https://media.discordapp.net/attachments/991029755367292948/995561213222203452/imgbin_minecraft-logo-png.png"
        }
    },
    {
        "answers": [
            "mojang"
        ],
        "images": {
            "censored": null,
            "uncensored": "https://media.discordapp.net/attachments/991029755367292948/995561731143241728/mojang_logo_icon_170945.png"
        }
    },
    {
        "answers": [
            "monange"
        ],
        "images": {
            "censored": "https://media.discordapp.net/attachments/991029755367292948/998441317820530728/153_Sem_Titulo_20220718010750.png",
            "uncensored": "https://media.discordapp.net/attachments/991029755367292948/998441317594046504/153_Sem_Titulo_20220718010555.png"
        }
    },
    {
        "answers": [
            "monster energy",
            "monster"
        ],
        "images": {
            "censored": null,
            "uncensored": "https://media.discordapp.net/attachments/991029755367292948/995090044278812752/imagem_2022-07-08_191156003.png?width=393&height=408"
        }
    },
    {
        "answers": [
            "motorola"
        ],
        "images": {
            "censored": null,
            "uncensored": "https://media.discordapp.net/attachments/991029755367292948/993569777207484496/imagem_2022-07-04_143115944.png?width=408&height=408"
        }
    },
    {
        "answers": [
            "mucilon"
        ],
        "images": {
            "censored": "https://media.discordapp.net/attachments/991029755367292948/998431265571213372/149_Sem_Titulo_20220718002420.png",
            "uncensored": "https://media.discordapp.net/attachments/991029755367292948/998431265386659920/1658114519479.png"
        }
    },
    {
        "answers": [
            "nescau"
        ],
        "images": {
            "censored": "https://cdn.discordapp.com/attachments/991029755367292948/998027607746543666/nescau2.png",
            "uncensored": "https://cdn.discordapp.com/attachments/991029755367292948/998027607473926295/nescau.png"
        }
    },
    {
        "answers": [
            "nesquik"
        ],
        "images": {
            "censored": "https://cdn.discordapp.com/attachments/991029755367292948/998020283476738068/nesquik2.png",
            "uncensored": "https://cdn.discordapp.com/attachments/991029755367292948/998020283157979166/nesquik.png"
        }
    },
    {
        "answers": [
            "nestlé"
        ],
        "images": {
            "censored": "https://media.discordapp.net/attachments/991029755367292948/996130618259812362/nestle2.png?width=409&height=408",
            "uncensored": "https://media.discordapp.net/attachments/991029755367292948/996130618020741250/nestle.png?width=409&height=408"
        }
    },
    {
        "answers": [
            "ninho"
        ],
        "images": {
            "censored": "https://media.discordapp.net/attachments/991029755367292948/1000598567502741524/162_Sem_Titulo_20220724000111.png",
            "uncensored": "https://media.discordapp.net/attachments/991029755367292948/1000598567183994920/images.jpeg"
        }
    },
    {
        "answers": [
            "netflix"
        ],
        "images": {
            "censored": null,
            "uncensored": "https://media.discordapp.net/attachments/991029755367292948/993556703922630687/images__1_-removebg-preview.png?width=408&height=408"
        }
    },
    {
        "answers": [
            "netshoes"
        ],
        "images": {
            "censored": "https://media.discordapp.net/attachments/991029755367292948/995417493877305467/Picsart_22-07-09_16-52-36-634.png",
            "uncensored": "https://media.discordapp.net/attachments/991029755367292948/995417480262598778/logo-netshoes-512.png"
        }
    },
    {
        "answers": [
            "nike"
        ],
        "images": {
            "censored": null,
            "uncensored": "https://media.discordapp.net/attachments/991029755367292948/993551480646815805/1656951234877.png?width=727&height=408"
        }
    },
    {
        "answers": [
            "nintendo"
        ],
        "images": {
            "censored": "https://media.discordapp.net/attachments/991029755367292948/995435407795835010/nintendo2.png",
            "uncensored": "https://media.discordapp.net/attachments/991029755367292948/995435407581921360/nintendo.png"
        }
    },
    {
        "answers": [
            "nintendo 64"
        ],
        "images": {
            "censored": null,
            "uncensored": "https://media.discordapp.net/attachments/991029755367292948/995435733357699224/imagem_2022-07-09_180557781-removebg-preview.png?width=419&height=408"
        }
    },
    {
        "answers": [
            "nintendo switch"
        ],
        "images": {
            "censored": "https://media.discordapp.net/attachments/991029755367292948/995436115404259388/Picsart_22-07-09_18-07-22-662.png",
            "uncensored": "https://media.discordapp.net/attachments/991029755367292948/995436115173593110/imagem_2022-07-09_175935302_copy_512x512.png"
        }
    },
    {
        "answers": [
            "nissan"
        ],
        "images": {
            "censored": "https://cdn.discordapp.com/attachments/991029755367292948/998017813799239680/nissan2.png?width=474&height=408",
            "uncensored": "https://cdn.discordapp.com/attachments/991029755367292948/998017813404979302/nissan.png?width=474&height=408"
        }
    },
    {
        "answers": [
            "nissin"
        ],
        "images": {
            "censored": "https://media.discordapp.net/attachments/991029755367292948/996232129425973248/126_Sem_Titulo_20220711224725.png",
            "uncensored": "https://media.discordapp.net/attachments/991029755367292948/996232128855543848/2560px-Nissin_Logo.svg.png"
        }
    },
    {
        "answers": [
            "nivea"
        ],
        "images": {
            "censored": "https://media.discordapp.net/attachments/991029755367292948/995323895781531719/Picsart_22-07-09_09-44-36-629.png",
            "uncensored": "https://media.discordapp.net/attachments/991029755367292948/995323888521187358/logo-nivea-512.png"
        }
    },
    {
        "answers": [
            "nokia"
        ],
        "images": {
            "censored": "https://media.discordapp.net/attachments/991029755367292948/993574127652843661/nokia1.png?width=408&height=408",
            "uncensored": "https://media.discordapp.net/attachments/991029755367292948/993574127363444858/nokia11.png?width=408&height=408"
        }
    },
    {
        "answers": [
            "opel"
        ],
        "images": {
            "censored": "https://media.discordapp.net/attachments/991029755367292948/993859542402215936/99_Sem_Titulo_20220705094216.png?width=498&height=408",
            "uncensored": "https://media.discordapp.net/attachments/991029755367292948/993859542184108132/1657024572215.png?width=498&height=408"
        }
    },
    {
        "answers": [
            "opera"
        ],
        "images": {
            "censored": null,
            "uncensored": "https://media.discordapp.net/attachments/991029755367292948/994081053172056084/Opera_2015_icon.svg.png"
        }
    },
    {
        "answers": [
            "opera gx"
        ],
        "images": {
            "censored": null,
            "uncensored": "https://media.discordapp.net/attachments/991029755367292948/994081490101088326/images.png"
        }
    },
    {
        "answers": [
            "operadora claro",
            "claro"
        ],
        "images": {
            "censored": "https://media.discordapp.net/attachments/991029755367292948/997224568685076520/136_Sem_Titulo_20220714163356.png",
            "uncensored": "https://media.discordapp.net/attachments/991029755367292948/997224568378888202/images.png"
        }
    },
    {
        "answers": [
            "operadora oi",
            "oi"
        ],
        "images": {
            "censored": "https://media.discordapp.net/attachments/991029755367292948/997195626439782471/131_Sem_Titulo_20220714143908.png",
            "uncensored": "https://media.discordapp.net/attachments/991029755367292948/997195626230075422/pngwing.com.png"
        }
    },
    {
        "answers": [
            "operadora tim",
            "tim"
        ],
        "images": {
            "censored": "https://media.discordapp.net/attachments/991029755367292948/997197957420027914/132_Sem_Titulo_20220714144820.png",
            "uncensored": "https://media.discordapp.net/attachments/991029755367292948/997197957210308628/logo-tim-antiga-1024.png"
        }
    },
    {
        "answers": [
            "operadora vivo",
            "vivo"
        ],
        "images": {
            "censored": "https://media.discordapp.net/attachments/991029755367292948/997222106968363058/135_Sem_Titulo_20220714162334.png",
            "uncensored": "https://media.discordapp.net/attachments/991029755367292948/997222106704117800/135_Sem_Titulo_20220714162213.png"
        }
    },
    {
        "answers": [
            "outback",
            "outback steakhouse"
        ],
        "images": {
            "censored": "https://media.discordapp.net/attachments/991029755367292948/995434630570320003/Picsart_22-07-09_17-21-44-915.png",
            "uncensored": "https://media.discordapp.net/attachments/991029755367292948/995434630348013628/outback-steakhouse-512.png"
        }
    },
    {
        "answers": [
            "paladins"
        ],
        "images": {
            "censored": "https://media.discordapp.net/attachments/991029755367292948/1000822067865854093/166_Sem_Titulo_20220724144916.png",
            "uncensored": "https://media.discordapp.net/attachments/991029755367292948/1000822067547099176/kindpng_1270562.png"
        }
    },
    {
        "answers": [
            "paramount",
            "paramount +"
        ],
        "images": {
            "censored": "https://media.discordapp.net/attachments/991029755367292948/995389819100344371/Picsart_22-07-09_15-01-16-132.png",
            "uncensored": "https://media.discordapp.net/attachments/991029755367292948/995389813085712454/paramount-plus-512.png"
        }
    },
    {
        "answers": [
            "pepsi"
        ],
        "images": {
            "censored": null,
            "uncensored": "https://media.discordapp.net/attachments/991029755367292948/994067479217324062/1657074494885.png?width=408&height=408"
        }
    },
    {
        "answers": [
            "perdigão"
        ],
        "images": {
            "censored": null,
            "uncensored": "https://media.discordapp.net/attachments/991029755367292948/996237279284711444/1657591864005.png"
        }
    },
    {
        "answers": [
            "petrobras"
        ],
        "images": {
            "censored": "https://media.discordapp.net/attachments/991029755367292948/995452578894708736/Picsart_22-07-09_19-12-08-948.png",
            "uncensored": "https://media.discordapp.net/attachments/991029755367292948/995452578592735373/logo-petrobras-512.png"
        }
    },
    {
        "answers": [
            "pic pay",
            "banco picpay",
            "picpay",
            "banco pic pay"
        ],
        "images": {
            "censored": "https://media.discordapp.net/attachments/991029755367292948/995418782065492109/Picsart_22-07-09_16-58-00-446.png",
            "uncensored": "https://media.discordapp.net/attachments/991029755367292948/995418774327009301/logo-picpay-512.png"
        }
    },
    {
        "answers": [
            "pinterest"
        ],
        "images": {
            "censored": null,
            "uncensored": "https://media.discordapp.net/attachments/991029755367292948/993866855972348004/images__2_-removebg-preview.png?width=408&height=408"
        }
    },
    {
        "answers": [
            "piracanjuba"
        ],
        "images": {
            "censored": "https://media.discordapp.net/attachments/991029755367292948/995416233518309507/Picsart_22-07-09_16-47-36-302_copy_512x512_1.png",
            "uncensored": "https://media.discordapp.net/attachments/991029755367292948/995416225448460328/logo-piracanjuba-512.png"
        }
    },
    {
        "answers": [
            "pix"
        ],
        "images": {
            "censored": "https://media.discordapp.net/attachments/991029755367292948/995774075593052251/pix2.png?width=408&height=408",
            "uncensored": "https://media.discordapp.net/attachments/991029755367292948/995774075358150706/pix.png?width=408&height=408"
        }
    },
    {
        "answers": [
            "pizza hut"
        ],
        "images": {
            "censored": "https://media.discordapp.net/attachments/991029755367292948/995091149641490493/pizza_hut2.png?width=418&height=408",
            "uncensored": "https://media.discordapp.net/attachments/991029755367292948/995091149243035738/pizza_hut.png?width=418&height=408"
        }
    },
    {
        "answers": [
            "play store"
        ],
        "images": {
            "censored": null,
            "uncensored": "https://media.discordapp.net/attachments/991029755367292948/993575105324122172/ps_1.png?width=408&height=408"
        }
    },
    {
        "answers": [
            "playstation"
        ],
        "images": {
            "censored": "https://media.discordapp.net/attachments/991029755367292948/995088305169379438/playstation2.png",
            "uncensored": "https://media.discordapp.net/attachments/991029755367292948/995088304955457627/playstation.png"
        }
    },
    {
        "answers": [
            "porsche"
        ],
        "images": {
            "censored": "https://media.discordapp.net/attachments/991029755367292948/995784511126257774/porsche.png?width=408&height=408",
            "uncensored": "https://media.discordapp.net/attachments/991029755367292948/995784510908145786/imagem_2022-07-10_171157314.png"
        }
    },
    {
        "answers": [
            "pringles"
        ],
        "images": {
            "censored": "https://media.discordapp.net/attachments/991029755367292948/994992338982146078/unknown.png?width=725&height=408",
            "uncensored": "https://media.discordapp.net/attachments/991029755367292948/994992338663383141/unknown.png?width=725&height=408"
        }
    },
    {
        "answers": [
            "puma"
        ],
        "images": {
            "censored": null,
            "uncensored": "https://media.discordapp.net/attachments/991029755367292948/994284759612141648/imagem_2022-07-06_135219633.png"
        }
    },
    {
        "answers": [
            "r7"
        ],
        "images": {
            "censored": "https://media.discordapp.net/attachments/991029755367292948/997712526932463636/147_Sem_Titulo_20220716005303.png",
            "uncensored": "https://media.discordapp.net/attachments/991029755367292948/997712526575943742/images.jpeg"
        }
    },
    {
        "answers": [
            "rappi"
        ],
        "images": {
            "censored": "https://media.discordapp.net/attachments/991029755367292948/995366097362616431/117_Sem_Titulo_20220709132309.png",
            "uncensored": "https://media.discordapp.net/attachments/991029755367292948/995366096993521726/logo-rappi-512.png"
        }
    },
    {
        "answers": [
            "rave"
        ],
        "images": {
            "censored": "https://media.discordapp.net/attachments/991029755367292948/996087831980154910/rave2.png",
            "uncensored": "https://media.discordapp.net/attachments/991029755367292948/996087831711731784/rave.png"
        }
    },
    {
        "answers": [
            "renault"
        ],
        "images": {
            "censored": "https://media.discordapp.net/attachments/991029755367292948/993750480004063312/93_Sem_Titulo_20220705022703.png?width=408&height=408",
            "uncensored": "https://media.discordapp.net/attachments/991029755367292948/993750479798534186/images.jpeg?width=408&height=408"
        }
    },
    {
        "answers": [
            "sadia"
        ],
        "images": {
            "censored": null,
            "uncensored": "https://media.discordapp.net/attachments/991029755367292948/996236452650299412/128_Sem_Titulo_20220711230732.png"
        }
    },
    {
        "answers": [
            "safári",
            "safari"
        ],
        "images": {
            "censored": null,
            "uncensored": "https://media.discordapp.net/attachments/991029755367292948/994220775496232981/1657109436589-removebg-preview_1.png?width=491&height=473"
        }
    },
    {
        "answers": [
            "samsung"
        ],
        "images": {
            "censored": "https://media.discordapp.net/attachments/991029755367292948/993565175309402142/1656954701231.png",
            "uncensored": "https://media.discordapp.net/attachments/991029755367292948/993565175087112212/kisspng-samsung-galaxy-logo-company-lenovo-logo-5ac00e848801c4.3133116215225360685571.png"
        }
    },
    {
        "answers": [
            "saphire moon",
            "saphire"
        ],
        "images": {
            "censored": null,
            "uncensored": "https://media.discordapp.net/attachments/991029755367292948/994966919188860938/saphire_dream2.jpg"
        }
    },
    {
        "answers": [
            "sbt"
        ],
        "images": {
            "censored": "https://media.discordapp.net/attachments/991029755367292948/996120773175546017/sbt2.png?width=408&height=408",
            "uncensored": "https://media.discordapp.net/attachments/991029755367292948/996120772957454436/sbt.png?width=408&height=408"
        }
    },
    {
        "answers": [
            "seara"
        ],
        "images": {
            "censored": "https://media.discordapp.net/attachments/991029755367292948/996235855180091402/127_Sem_Titulo_20220711230515.png",
            "uncensored": "https://media.discordapp.net/attachments/991029755367292948/996235854945202276/images__1_-removebg-preview.png"
        }
    },
    {
        "answers": [
            "shell"
        ],
        "images": {
            "censored": null,
            "uncensored": "https://media.discordapp.net/attachments/991029755367292948/1000560937721401464/images-removebg-preview.png"
        }
    },
    {
        "answers": [
            "shopee"
        ],
        "images": {
            "censored": null,
            "uncensored": "https://media.discordapp.net/attachments/991029755367292948/993624353495322654/imagem_2022-07-04_180701729_1.png?width=421&height=408"
        }
    },
    {
        "answers": [
            "skol",
            "cerveja skol"
        ],
        "images": {
            "censored": "https://media.discordapp.net/attachments/991029755367292948/995413123072802836/Picsart_22-07-09_16-35-00-908.png",
            "uncensored": "https://media.discordapp.net/attachments/991029755367292948/995413116521283635/logo-skol-512.png"
        }
    },
    {
        "answers": [
            "skype"
        ],
        "images": {
            "censored": null,
            "uncensored": "https://media.discordapp.net/attachments/991029755367292948/993629502460674108/imagem_2022-07-04_182557175-removebg-preview_3.png?width=410&height=408"
        }
    },
    {
        "answers": [
            "snapchat"
        ],
        "images": {
            "censored": null,
            "uncensored": "https://media.discordapp.net/attachments/991029755367292948/995153734827003995/logo-snapchat-512.png?width=473&height=473"
        }
    },
    {
        "answers": [
            "sony"
        ],
        "images": {
            "censored": "https://media.discordapp.net/attachments/991029755367292948/994764949878485002/sony2.jpg",
            "uncensored": "https://media.discordapp.net/attachments/991029755367292948/994764949647794337/sony.jpg"
        }
    },
    {
        "answers": [
            "soundcloud"
        ],
        "images": {
            "censored": "https://media.discordapp.net/attachments/991029755367292948/995371623643357306/Polish_20220709_113414544.png",
            "uncensored": "https://media.discordapp.net/attachments/991029755367292948/995371623400099861/logo-soundcloud-512.png"
        }
    },
    {
        "answers": [
            "spotify"
        ],
        "images": {
            "censored": null,
            "uncensored": "https://media.discordapp.net/attachments/991029755367292948/995461551291125780/spotify-logo-png-7057_copy_512x512.png"
        }
    },
    {
        "answers": [
            "sprite"
        ],
        "images": {
            "censored": "https://media.discordapp.net/attachments/991029755367292948/994267980148002826/107_Sem_Titulo_20220706124420.png",
            "uncensored": "https://media.discordapp.net/attachments/991029755367292948/994267979778895932/imagem_2022-07-06_123437581.png"
        }
    },
    {
        "answers": [
            "starbucks coffee",
            "starbucks"
        ],
        "images": {
            "censored": "https://media.discordapp.net/attachments/991029755367292948/995085423346978928/starbucks2.png?width=408&height=408",
            "uncensored": "https://media.discordapp.net/attachments/991029755367292948/995085423107907724/starbucks.png?width=408&height=408"
        }
    },
    {
        "answers": [
            "steam"
        ],
        "images": {
            "censored": null,
            "uncensored": "https://media.discordapp.net/attachments/991029755367292948/993575413949415586/kisspng-playerunknown-s-battlegrounds-steam-logo-computer-steam-icon-transparent-5ab0eafd5d0474.269161551521543933381_1.png?width=408&height=408"
        }
    },
    {
        "answers": [
            "submarino"
        ],
        "images": {
            "censored": "https://media.discordapp.net/attachments/991029755367292948/993620440331321405/submarino2_1.jpg?width=612&height=408",
            "uncensored": "https://media.discordapp.net/attachments/991029755367292948/993620440075477072/submarino_1.jpg?width=612&height=408"
        }
    },
    {
        "answers": [
            "sucrilhos"
        ],
        "images": {
            "censored": null,
            "uncensored": "https://media.discordapp.net/attachments/991029755367292948/1000595042022457474/1605805288072.png"
        }
    },
    {
        "answers": [
            "supreme"
        ],
        "images": {
            "censored": "https://media.discordapp.net/attachments/991029755367292948/995488503653728297/Picsart_22-07-09_20-55-02-660.png?width=473&height=473",
            "uncensored": "https://media.discordapp.net/attachments/991029755367292948/995488503464988682/5a7f5f47abc3d121aba71181.png?width=473&height=473"
        }
    },
    {
        "answers": [
            "telecine"
        ],
        "images": {
            "censored": "https://media.discordapp.net/attachments/991029755367292948/1000563331897249832/157_Sem_Titulo_20220723214033.png",
            "uncensored": "https://media.discordapp.net/attachments/991029755367292948/1000563331645575239/images_1.png"
        }
    },
    {
        "answers": [
            "telegram"
        ],
        "images": {
            "censored": null,
            "uncensored": "https://media.discordapp.net/attachments/991029755367292948/993630173125693580/imagem_2022-07-04_183058766.png?width=408&height=408"
        }
    },
    {
        "answers": [
            "terra"
        ],
        "images": {
            "censored": "https://media.discordapp.net/attachments/991029755367292948/1000591803726184469/158_Sem_Titulo_20220723233420.png",
            "uncensored": "https://media.discordapp.net/attachments/991029755367292948/1000591803466121246/images_3.png"
        }
    },
    {
        "answers": [
            "terraria"
        ],
        "images": {
            "censored": null,
            "uncensored": "https://media.discordapp.net/attachments/991029755367292948/995562188649537586/images_3.jpeg"
        }
    },
    {
        "answers": [
            "the sims 4",
            "the sims"
        ],
        "images": {
            "censored": null,
            "uncensored": "https://media.discordapp.net/attachments/991029755367292948/995557922446790716/kindpng_5033037.png"
        }
    },
    {
        "answers": [
            "tiktok"
        ],
        "images": {
            "censored": null,
            "uncensored": "https://media.discordapp.net/attachments/991029755367292948/993862243479453806/images-removebg-preview.png?width=408&height=408"
        }
    },
    {
        "answers": [
            "tinder"
        ],
        "images": {
            "censored": null,
            "uncensored": "https://media.discordapp.net/attachments/991029755367292948/995713271522926652/images__4_-removebg-preview.png"
        }
    },
    {
        "answers": [
            "toddy"
        ],
        "images": {
            "censored": "https://cdn.discordapp.com/attachments/991029755367292948/998275584415236107/toddy21.png",
            "uncensored": "https://cdn.discordapp.com/attachments/991029755367292948/998275584058736812/toddy2.png"
        }
    },
    {
        "answers": [
            "toei animation",
            "toei"
        ],
        "images": {
            "censored": "https://media.discordapp.net/attachments/991029755367292948/995555198766415892/120_Sem_Titulo_20220710015958.png",
            "uncensored": "https://media.discordapp.net/attachments/991029755367292948/995555198401527848/120_Sem_Titulo_20220710015857.png"
        }
    },
    {
        "answers": [
            "toyota"
        ],
        "images": {
            "censored": "https://media.discordapp.net/attachments/991029755367292948/993861035993874452/100_Sem_Titulo_20220705094830.png?width=471&height=408",
            "uncensored": "https://media.discordapp.net/attachments/991029755367292948/993861035746406470/1657025200807.png?width=471&height=408"
        }
    },
    {
        "answers": [
            "transformice",
            "mice"
        ],
        "images": {
            "censored": null,
            "uncensored": "https://media.discordapp.net/attachments/991029755367292948/995564840842178690/transformice-logo.png"
        }
    },
    {
        "answers": [
            "tripadvisor"
        ],
        "images": {
            "censored": null,
            "uncensored": "https://media.discordapp.net/attachments/991029755367292948/997711611626279063/images.png"
        }
    },
    {
        "answers": [
            "trivago"
        ],
        "images": {
            "censored": "https://media.discordapp.net/attachments/991029755367292948/995373593808617543/Polish_20220709_113643033.png",
            "uncensored": "https://media.discordapp.net/attachments/991029755367292948/995373593540165642/trivago-512.png"
        }
    },
    {
        "answers": [
            "tumblr"
        ],
        "images": {
            "censored": null,
            "uncensored": "https://media.discordapp.net/attachments/991029755367292948/993863449417367572/tumblr.png?width=408&height=408"
        }
    },
    {
        "answers": [
            "turma da mônica"
        ],
        "images": {
            "censored": null,
            "uncensored": "https://media.discordapp.net/attachments/991029755367292948/996235140797829210/images-removebg-preview_1.png"
        }
    },
    {
        "answers": [
            "tv cultura",
            "cultura"
        ],
        "images": {
            "censored": "https://media.discordapp.net/attachments/991029755367292948/996121695544942682/tv_cultura.png",
            "uncensored": "https://media.discordapp.net/attachments/991029755367292948/996121695356190750/imagem_2022-07-11_152936443.png"
        }
    },
    {
        "answers": [
            "tv tokyo"
        ],
        "images": {
            "censored": "https://media.discordapp.net/attachments/991029755367292948/995556861111705710/121_Sem_Titulo_20220710020713.png",
            "uncensored": "https://media.discordapp.net/attachments/991029755367292948/995556860901998592/TV_Tokyo_logo_20110629.svg.png"
        }
    },
    {
        "answers": [
            "twitter"
        ],
        "images": {
            "censored": null,
            "uncensored": "https://media.discordapp.net/attachments/991029755367292948/993531912599642112/twitter-logo-3.png?width=408&height=408"
        }
    },
    {
        "answers": [
            "uber"
        ],
        "images": {
            "censored": "https://media.discordapp.net/attachments/991029755367292948/995464481075376178/Picsart_22-07-09_19-59-59-534.jpg",
            "uncensored": "https://media.discordapp.net/attachments/991029755367292948/995464480739823676/Picsart_22-07-09_19-55-09-444.jpg"
        }
    },
    {
        "answers": [
            "uol"
        ],
        "images": {
            "censored": null,
            "uncensored": "https://media.discordapp.net/attachments/991029755367292948/997711094003023963/logo-uol-icon-1024.png"
        }
    },
    {
        "answers": [
            "uptime"
        ],
        "images": {
            "censored": "https://media.discordapp.net/attachments/991029755367292948/996084170105290883/uptime2.png",
            "uncensored": "https://media.discordapp.net/attachments/991029755367292948/996084169681682432/uptime.png"
        }
    },
    {
        "answers": [
            "vagalume"
        ],
        "images": {
            "censored": null,
            "uncensored": "https://media.discordapp.net/attachments/991029755367292948/1000592629345562775/1_BWkPidfUKtndVrJZxm4mxQ.png"
        }
    },
    {
        "answers": [
            "vevo"
        ],
        "images": {
            "censored": "https://media.discordapp.net/attachments/991029755367292948/995488528777617488/Picsart_22-07-09_20-56-00-681.jpg?width=473&height=473",
            "uncensored": "https://media.discordapp.net/attachments/991029755367292948/995488528370761759/Picsart_22-07-09_20-56-27-310.jpg?width=473&height=473"
        }
    },
    {
        "answers": [
            "volkswagen"
        ],
        "images": {
            "censored": "https://media.discordapp.net/attachments/991029755367292948/993856178855608320/97_Sem_Titulo_20220705092911.png?width=401&height=408",
            "uncensored": "https://media.discordapp.net/attachments/991029755367292948/993856178528468993/1657023995493.png?width=401&height=408"
        }
    },
    {
        "answers": [
            "walmart"
        ],
        "images": {
            "censored": null,
            "uncensored": "https://media.discordapp.net/attachments/991029755367292948/997336544744570940/walmart_logo_icon_170230.png"
        }
    },
    {
        "answers": [
            "walt disney pictures",
            "walt disney",
            "disney"
        ],
        "images": {
            "censored": "https://media.discordapp.net/attachments/991029755367292948/994324950099951757/wd2.png?width=468&height=408",
            "uncensored": "https://media.discordapp.net/attachments/991029755367292948/994324949886050354/wd.png?width=468&height=408"
        }
    },
    {
        "answers": [
            "waze"
        ],
        "images": {
            "censored": null,
            "uncensored": "https://media.discordapp.net/attachments/991029755367292948/996233048662233098/images.png"
        }
    },
    {
        "answers": [
            "whatsapp"
        ],
        "images": {
            "censored": null,
            "uncensored": "https://media.discordapp.net/attachments/991029755367292948/993626482784084020/whatsapp.png?width=408&height=408"
        }
    },
    {
        "answers": [
            "wikipedia",
            "wikipédia"
        ],
        "images": {
            "censored": null,
            "uncensored": "https://media.discordapp.net/attachments/991029755367292948/996234026534838312/1122px-Wikipedia-logo-v2.svg.png"
        }
    },
    {
        "answers": [
            "windows 10"
        ],
        "images": {
            "censored": null,
            "uncensored": "https://media.discordapp.net/attachments/991029755367292948/994087647490363493/Windows_logo_-_2012_dark_blue.svg.png"
        }
    },
    {
        "answers": [
            "windows 7"
        ],
        "images": {
            "censored": null,
            "uncensored": "https://media.discordapp.net/attachments/991029755367292948/994086388687437834/pngwing.com_1.png"
        }
    },
    {
        "answers": [
            "windows xp"
        ],
        "images": {
            "censored": null,
            "uncensored": "https://media.discordapp.net/attachments/991029755367292948/996143212362223727/imagem_2022-07-11_165648905-removebg-preview.png?width=435&height=408"
        }
    },
    {
        "answers": [
            "winrar"
        ],
        "images": {
            "censored": null,
            "uncensored": "https://media.discordapp.net/attachments/991029755367292948/995707914415263794/images_2.jpeg"
        }
    },
    {
        "answers": [
            "wish"
        ],
        "images": {
            "censored": null,
            "uncensored": "https://media.discordapp.net/attachments/991029755367292948/993625247293124669/imagem_2022-07-04_180917301-removebg-preview.png?width=408&height=408"
        }
    },
    {
        "answers": [
            "wizard"
        ],
        "images": {
            "censored": null,
            "uncensored": "https://media.discordapp.net/attachments/991029755367292948/996234439250149406/images_2.png"
        }
    },
    {
        "answers": [
            "xbox"
        ],
        "images": {
            "censored": null,
            "uncensored": "https://media.discordapp.net/attachments/991029755367292948/997713085278195802/Xbox_one_logo.svg.png"
        }
    },
    {
        "answers": [
            "xbox one"
        ],
        "images": {
            "censored": "https://media.discordapp.net/attachments/991029755367292948/997713634887225375/148_Sem_Titulo_20220716005719.png",
            "uncensored": "https://media.discordapp.net/attachments/991029755367292948/997713634601996298/images_1.jpeg"
        }
    },
    {
        "answers": [
            "xiaomi"
        ],
        "images": {
            "censored": null,
            "uncensored": "https://media.discordapp.net/attachments/991029755367292948/993574816500166726/xiaomi-removebg-preview_1.png?width=408&height=408"
        }
    },
    {
        "answers": [
            "yahoo"
        ],
        "images": {
            "censored": "https://media.discordapp.net/attachments/991029755367292948/996125888875855912/yahoo.png",
            "uncensored": "https://media.discordapp.net/attachments/991029755367292948/996125888607436930/imagem_2022-07-11_154034082.png"
        }
    },
    {
        "answers": [
            "yakult"
        ],
        "images": {
            "censored": "https://cdn.discordapp.com/attachments/991029755367292948/1000831165109915658/yakult2.png",
            "uncensored": "https://cdn.discordapp.com/attachments/991029755367292948/1000831164703047810/yakult.png"
        }
    },
    {
        "answers": [
            "yoki"
        ],
        "images": {
            "censored": "https://media.discordapp.net/attachments/991029755367292948/995327832349749288/Picsart_22-07-09_09-46-21-986.png",
            "uncensored": "https://media.discordapp.net/attachments/991029755367292948/995327825773080627/yoki-512.png"
        }
    },
    {
        "answers": [
            "plato"
        ],
        "images": {
            "censored": null,
            "uncensored": "https://media.discordapp.net/attachments/991029755367292948/1004485606677680299/unknown.png?width=408&height=408"
        }
    },
    {
        "answers": [
            "brawl stars"
        ],
        "images": {
            "censored": null,
            "uncensored": "https://media.discordapp.net/attachments/991029755367292948/1010621569711751199/1661021340948.png"
        }
    },
    {
        "answers": [
            "bic"
        ],
        "images": {
            "censored": "https://media.discordapp.net/attachments/991029755367292948/1010624899800383508/1661022130295.png",
            "uncensored": "https://media.discordapp.net/attachments/991029755367292948/1010624899414499348/1661022110893.png"
        }
    },
    {
        "answers": [
            "santa amália"
        ],
        "images": {
            "censored": "https://media.discordapp.net/attachments/991029755367292948/1010626625181864076/173_Sem_Titulo_20220820160847.png",
            "uncensored": "https://media.discordapp.net/attachments/991029755367292948/1010626624686923786/images_1.jpeg"
        }
    },
    {
        "answers": [
            "café três corações",
            "três corações"
        ],
        "images": {
            "censored": "https://media.discordapp.net/attachments/991029755367292948/1010627507298508912/174_Sem_Titulo_20220820161228.png",
            "uncensored": "https://media.discordapp.net/attachments/991029755367292948/1010627507025883196/logo-cafe-3-coracoes.webp"
        }
    }
]